transientid,ML_PROB
59049.5164386894_DM_42.98_beam_149C_frbid.hdf5,1.0
59049.5493917204_DM_44.82_beam_55C_frbid.hdf5,1.0
59049.5517623438_DM_44.21_beam_55C_frbid.hdf5,1.0
59049.5569014028_DM_48.81_beam_0C_frbid.hdf5,1.0
59049.557573062004_DM_49.12_beam_0C_frbid.hdf5,1.0
59049.56557632_DM_48.51_beam_0C_frbid.hdf5,1.0
59049.5659402529_DM_46.97_beam_0C_frbid.hdf5,1.0
59049.56669577269_DM_47.89_beam_0C_frbid.hdf5,1.0
59049.567731233605_DM_49.43_beam_0C_frbid.hdf5,1.0
59049.5678711483_DM_48.20_beam_0C_frbid.hdf5,1.0
59049.568570537696_DM_49.12_beam_0C_frbid.hdf5,1.0
59049.570809449404_DM_50.35_beam_0C_frbid.hdf5,1.0
59049.5712292238_DM_49.43_beam_0C_frbid.hdf5,1.0
59049.5724043886_DM_49.12_beam_0C_frbid.hdf5,1.0
59049.5726002245_DM_48.81_beam_0C_frbid.hdf5,1.0
59049.5730481562_DM_49.12_beam_0C_frbid.hdf5,1.0
59049.5733837298_DM_48.81_beam_0C_frbid.hdf5,1.0
59049.573495893_DM_49.12_beam_0C_frbid.hdf5,1.0
59049.57412460019_DM_49.12_beam_0C_frbid.hdf5,1.0
59049.574376531105_DM_49.12_beam_0C_frbid.hdf5,1.0
59050.6564272948_DM_46.05_beam_0I_frbid.hdf5,1.0
59050.657174993095_DM_46.05_beam_192C_frbid.hdf5,1.0
59050.657219912995_DM_47.59_beam_209C_frbid.hdf5,1.0
59050.65721996321_DM_46.36_beam_0I_frbid.hdf5,1.0
59050.6572290208_DM_46.05_beam_373C_frbid.hdf5,1.0
59050.65733707901_DM_46.05_beam_301C_frbid.hdf5,1.0
59050.657337132005_DM_46.36_beam_0I_frbid.hdf5,1.0
59050.65739115691_DM_46.36_beam_266C_frbid.hdf5,1.0
59050.6573911625_DM_46.66_beam_178C_frbid.hdf5,1.0
59050.6575983161_DM_46.36_beam_208C_frbid.hdf5,1.0
59050.6576162835_DM_47.89_beam_257C_frbid.hdf5,1.0
59050.6576163142_DM_46.66_beam_255C_frbid.hdf5,1.0
59050.657616319804_DM_46.66_beam_220C_frbid.hdf5,1.0
59050.657616325305_DM_46.66_beam_379C_frbid.hdf5,1.0
59050.6576163281_DM_46.36_beam_77C_frbid.hdf5,1.0
59050.6576163449_DM_46.05_beam_336C_frbid.hdf5,1.0
59050.6576163532_DM_46.05_beam_184C_frbid.hdf5,1.0
59050.657616358796_DM_46.36_beam_307C_frbid.hdf5,1.0
59050.657616361605_DM_46.05_beam_195C_frbid.hdf5,1.0
59050.657616364406_DM_46.05_beam_173C_frbid.hdf5,1.0
59050.657616364406_DM_46.05_beam_208C_frbid.hdf5,1.0
59050.6576163672_DM_45.74_beam_347C_frbid.hdf5,1.0
59050.657616381104_DM_45.44_beam_93C_frbid.hdf5,1.0
59050.657652396796_DM_46.36_beam_219C_frbid.hdf5,1.0
59050.657652408_DM_46.05_beam_239C_frbid.hdf5,1.0
59050.6576614014_DM_46.36_beam_211C_frbid.hdf5,1.0
59050.657661412595_DM_46.05_beam_306C_frbid.hdf5,1.0
59050.6576703977_DM_46.36_beam_136C_frbid.hdf5,1.0
59050.65767042_DM_46.36_beam_306C_frbid.hdf5,1.0
59050.657670436696_DM_46.36_beam_273C_frbid.hdf5,1.0
59050.657670472996_DM_44.52_beam_274C_frbid.hdf5,1.0
59050.657688432_DM_46.36_beam_77C_frbid.hdf5,1.0
59050.6576884488_DM_46.05_beam_192C_frbid.hdf5,1.0
59050.6576884878_DM_45.74_beam_310C_frbid.hdf5,1.0
59050.657697322305_DM_47.89_beam_228C_frbid.hdf5,1.0
59050.657697419905_DM_46.05_beam_336C_frbid.hdf5,1.0
59050.6577064775_DM_46.36_beam_0I_frbid.hdf5,1.0
59050.6576974311_DM_46.36_beam_287C_frbid.hdf5,1.0
59050.657697439405_DM_45.74_beam_262C_frbid.hdf5,1.0
59050.657706399405_DM_47.89_beam_30C_frbid.hdf5,1.0
59050.657706474696_DM_46.66_beam_245C_frbid.hdf5,1.0
59050.6577064859_DM_45.74_beam_182C_frbid.hdf5,1.0
59050.6577064887_DM_46.05_beam_178C_frbid.hdf5,1.0
59050.6577154291_DM_46.66_beam_195C_frbid.hdf5,1.0
59050.657715440306_DM_46.36_beam_262C_frbid.hdf5,1.0
59050.6577154849_DM_45.74_beam_336C_frbid.hdf5,1.0
59050.6577244756_DM_46.05_beam_214C_frbid.hdf5,1.0
59050.668702394105_DM_60.48_beam_112C_frbid.hdf5,1.0
59050.6687024192_DM_60.48_beam_122C_frbid.hdf5,1.0
59050.668702422_DM_60.48_beam_13C_frbid.hdf5,1.0
59050.668702422_DM_60.48_beam_225C_frbid.hdf5,1.0
59050.668702422_DM_60.48_beam_46C_frbid.hdf5,1.0
59050.6687024248_DM_60.48_beam_0I_frbid.hdf5,1.0
59050.6687024248_DM_60.48_beam_107C_frbid.hdf5,1.0
59050.6687024248_DM_60.48_beam_192C_frbid.hdf5,1.0
59050.6687024248_DM_60.48_beam_196C_frbid.hdf5,1.0
59050.6687024248_DM_60.48_beam_298C_frbid.hdf5,1.0
59050.6687024248_DM_60.48_beam_336C_frbid.hdf5,1.0
59050.6687024248_DM_60.48_beam_34C_frbid.hdf5,1.0
59050.6687024248_DM_60.48_beam_364C_frbid.hdf5,1.0
59050.6687024248_DM_60.48_beam_365C_frbid.hdf5,1.0
59050.6687024248_DM_60.48_beam_4C_frbid.hdf5,1.0
59050.668702427596_DM_60.48_beam_353C_frbid.hdf5,1.0
59050.668702427596_DM_60.48_beam_367C_frbid.hdf5,1.0
59050.668702427596_DM_60.48_beam_49C_frbid.hdf5,0.9999968
59050.668702427596_DM_60.48_beam_65C_frbid.hdf5,1.0
59050.668702427596_DM_60.48_beam_90C_frbid.hdf5,1.0
59050.6687024304_DM_60.48_beam_207C_frbid.hdf5,1.0
59050.668702433206_DM_60.17_beam_304C_frbid.hdf5,1.0
59050.6687024416_DM_60.17_beam_361C_frbid.hdf5,1.0
59050.6688919568_DM_68.46_beam_58C_frbid.hdf5,1.0
59050.668891973495_DM_68.15_beam_89C_frbid.hdf5,1.0
59050.668891981906_DM_68.15_beam_145C_frbid.hdf5,1.0
59050.6764113686_DM_43.29_beam_280C_frbid.hdf5,1.0
59050.6781734822_DM_43.59_beam_280C_frbid.hdf5,1.0
59050.6795707902_DM_43.59_beam_280C_frbid.hdf5,1.0
59050.6799756187_DM_43.29_beam_280C_frbid.hdf5,1.0
59050.68628028849_DM_49.43_beam_371C_frbid.hdf5,1.0
59050.6869407323_DM_26.09_beam_95C_frbid.hdf5,1.0
59050.6871222637_DM_25.48_beam_207C_frbid.hdf5,1.0
59050.6871373197_DM_25.48_beam_106C_frbid.hdf5,1.0
59050.687159994406_DM_25.48_beam_184C_frbid.hdf5,0.9999999
59050.6871676074_DM_25.17_beam_184C_frbid.hdf5,0.9999999
59050.6873565036_DM_25.79_beam_262C_frbid.hdf5,1.0
59050.6873565482_DM_25.48_beam_265C_frbid.hdf5,1.0
59050.6873792257_DM_24.87_beam_16C_frbid.hdf5,1.0
59050.6874321658_DM_25.48_beam_352C_frbid.hdf5,0.99999964
59050.687530438605_DM_25.17_beam_190C_frbid.hdf5,1.0
59050.68756068731_DM_25.48_beam_380C_frbid.hdf5,1.0
59050.687590905305_DM_25.17_beam_378C_frbid.hdf5,1.0
59050.6876060171_DM_25.48_beam_21C_frbid.hdf5,1.0
59050.6876060283_DM_25.48_beam_328C_frbid.hdf5,0.9999994
59050.6876362352_DM_25.79_beam_355C_frbid.hdf5,0.99989605
59050.6876362686_DM_25.79_beam_361C_frbid.hdf5,1.0
59050.68777230001_DM_25.48_beam_319C_frbid.hdf5,0.99999964
59050.6878100837_DM_25.48_beam_187C_frbid.hdf5,0.99999964
59050.687832791795_DM_25.79_beam_214C_frbid.hdf5,0.9982628
59050.6878328058_DM_25.48_beam_220C_frbid.hdf5,1.0
59050.6878705672_DM_25.48_beam_255C_frbid.hdf5,1.0
59050.68790843731_DM_25.17_beam_230C_frbid.hdf5,1.0
59050.7051889392_DM_25.17_beam_376C_frbid.hdf5,1.0
59050.7052364553_DM_25.17_beam_257C_frbid.hdf5,1.0
59050.7054200391_DM_25.17_beam_107C_frbid.hdf5,0.9999999
59050.705791013206_DM_25.48_beam_29C_frbid.hdf5,1.0
59050.706218789695_DM_25.79_beam_3C_frbid.hdf5,1.0
59050.706218839805_DM_25.48_beam_329C_frbid.hdf5,1.0
59050.729155098896_DM_144.60_beam_340C_frbid.hdf5,0.99999964
59050.7292275234_DM_144.29_beam_0I_frbid.hdf5,1.0
59050.7293037238_DM_144.29_beam_0I_frbid.hdf5,0.9999974
59050.7312270396_DM_170.69_beam_49C_frbid.hdf5,0.9999994
59050.73123698401_DM_170.69_beam_49C_frbid.hdf5,1.0
59050.7313669919_DM_171.31_beam_330C_frbid.hdf5,0.99999976
59050.731382109196_DM_265.25_beam_253C_frbid.hdf5,1.0
59050.7313970537_DM_171.00_beam_335C_frbid.hdf5,0.99998975
59050.7314170457_DM_170.69_beam_322C_frbid.hdf5,0.9999981
59050.7314170569_DM_170.69_beam_346C_frbid.hdf5,1.0
59050.731417073606_DM_170.08_beam_269C_frbid.hdf5,1.0
59050.7314970833_DM_170.69_beam_24C_frbid.hdf5,1.0
59050.7315571206_DM_170.69_beam_335C_frbid.hdf5,0.9999999
59050.731557129_DM_170.69_beam_57C_frbid.hdf5,1.0
59050.7316271358_DM_171.00_beam_57C_frbid.hdf5,1.0
59050.7316371248_DM_171.00_beam_57C_frbid.hdf5,1.0
59050.7316471054_DM_171.61_beam_273C_frbid.hdf5,1.0
59050.73164712769_DM_170.69_beam_297C_frbid.hdf5,0.99999976
59050.7317071567_DM_171.00_beam_322C_frbid.hdf5,0.99999976
59050.7317071567_DM_171.00_beam_86C_frbid.hdf5,1.0
59050.731717168_DM_170.69_beam_109C_frbid.hdf5,0.9999988
59050.731717184695_DM_169.46_beam_375C_frbid.hdf5,1.0
59050.7317272212_DM_170.69_beam_363C_frbid.hdf5,1.0
59050.73174716019_DM_171.31_beam_29C_frbid.hdf5,1.0
59050.731747188_DM_170.38_beam_330C_frbid.hdf5,1.0
59050.731877195896_DM_172.23_beam_359C_frbid.hdf5,1.0
59050.7318772293_DM_170.38_beam_315C_frbid.hdf5,0.9999999
59050.7318772349_DM_170.38_beam_29C_frbid.hdf5,1.0
59050.732007337596_DM_171.31_beam_57C_frbid.hdf5,1.0
59050.7320073655_DM_171.00_beam_92C_frbid.hdf5,1.0
59050.732027329504_DM_169.46_beam_234C_frbid.hdf5,1.0
59050.7322373917_DM_171.00_beam_364C_frbid.hdf5,0.9999995
59050.7322374029_DM_170.69_beam_170C_frbid.hdf5,1.0
59050.73224716599_DM_263.10_beam_253C_frbid.hdf5,1.0
59050.7322974123_DM_170.69_beam_211C_frbid.hdf5,0.9999944
59050.732317420996_DM_171.00_beam_232C_frbid.hdf5,1.0
59050.7323174238_DM_170.69_beam_211C_frbid.hdf5,1.0
59050.732317437694_DM_170.38_beam_90C_frbid.hdf5,1.0
59050.7323974586_DM_171.61_beam_188C_frbid.hdf5,1.0
59050.7324174618_DM_170.69_beam_225C_frbid.hdf5,1.0
59050.732417467305_DM_170.69_beam_220C_frbid.hdf5,0.99999917
59050.732477513_DM_170.38_beam_357C_frbid.hdf5,1.0
59050.7324990694_DM_264.33_beam_253C_frbid.hdf5,1.0
59050.732517522_DM_170.69_beam_363C_frbid.hdf5,0.9999989
59050.732527502696_DM_170.38_beam_49C_frbid.hdf5,1.0
59050.732574846_DM_263.71_beam_253C_frbid.hdf5,0.99999213
59050.7326075013_DM_171.00_beam_54C_frbid.hdf5,0.9998398
59050.7492445929_DM_1080.78_beam_64C_frbid.hdf5,0.9867828
59050.7579537686_DM_748.41_beam_89C_frbid.hdf5,0.957338
59050.7621987304_DM_377.61_beam_8C_frbid.hdf5,0.70883
59050.765850531796_DM_380.68_beam_44C_frbid.hdf5,0.95391595
59050.7938521746_DM_483.70_beam_193C_frbid.hdf5,1.0
59050.7944053074_DM_479.13_beam_266C_frbid.hdf5,1.0
59050.7944421458_DM_483.04_beam_362C_frbid.hdf5,1.0
59050.794573826795_DM_485.00_beam_50C_frbid.hdf5,1.0
59050.7948214105_DM_479.13_beam_281C_frbid.hdf5,1.0
59050.7948424538_DM_482.39_beam_326C_frbid.hdf5,1.0
59050.794895182_DM_478.48_beam_125C_frbid.hdf5,1.0
59050.7949109603_DM_481.74_beam_326C_frbid.hdf5,1.0
59050.7949425504_DM_482.39_beam_207C_frbid.hdf5,1.0
59050.794947793096_DM_483.70_beam_334C_frbid.hdf5,1.0
59050.7950532941_DM_477.18_beam_288C_frbid.hdf5,1.0
59050.7951216611_DM_480.44_beam_15C_frbid.hdf5,1.0
59050.7963384477_DM_479.78_beam_383C_frbid.hdf5,1.0
59050.7965017745_DM_479.13_beam_208C_frbid.hdf5,1.0
59050.7965017969_DM_477.83_beam_383C_frbid.hdf5,1.0
59050.7968388467_DM_479.13_beam_148C_frbid.hdf5,1.0
59050.7973919405_DM_479.78_beam_367C_frbid.hdf5,1.0
59050.797391962806_DM_479.13_beam_355C_frbid.hdf5,1.0
59050.797439387_DM_477.18_beam_355C_frbid.hdf5,1.0
59050.7974814513_DM_481.74_beam_157C_frbid.hdf5,1.0
59050.7980135185_DM_477.83_beam_229C_frbid.hdf5,1.0
59050.7981399233_DM_478.48_beam_229C_frbid.hdf5,1.0
59050.7982505499_DM_479.78_beam_205C_frbid.hdf5,1.0
59050.79829794059_DM_479.78_beam_205C_frbid.hdf5,1.0
59050.798361159694_DM_480.44_beam_345C_frbid.hdf5,1.0
59050.7988813918_DM_474.57_beam_228C_frbid.hdf5,1.0
59050.7989180349_DM_479.13_beam_228C_frbid.hdf5,1.0
59050.7989405785_DM_479.78_beam_208C_frbid.hdf5,1.0
59050.799014361204_DM_477.83_beam_157C_frbid.hdf5,1.0
59050.7990880992_DM_478.48_beam_127C_frbid.hdf5,1.0
59050.799161842806_DM_477.18_beam_288C_frbid.hdf5,1.0
59050.7991881121_DM_483.04_beam_63C_frbid.hdf5,1.0
59050.7993830513_DM_478.48_beam_283C_frbid.hdf5,1.0
59053.7046882676_DM_51.88_beam_432C_frbid.hdf5,0.61838454
59053.7047852304_DM_273.54_beam_163C_frbid.hdf5,0.98102057
59053.7049345876_DM_51.58_beam_665C_frbid.hdf5,0.5671453
59053.7050069233_DM_255.73_beam_745C_frbid.hdf5,0.5185972
59053.705264195705_DM_263.10_beam_673C_frbid.hdf5,0.61063313
59053.705774395_DM_334.63_beam_101C_frbid.hdf5,0.7013463
59053.7058737645_DM_272.31_beam_348C_frbid.hdf5,0.589337
59053.7059657154_DM_54.95_beam_507C_frbid.hdf5,0.88243186
59053.7060379448_DM_53.42_beam_27C_frbid.hdf5,0.99013746
59053.706076817005_DM_345.68_beam_578C_frbid.hdf5,0.99826765
59053.7061518944_DM_260.64_beam_176C_frbid.hdf5,0.9364376
59053.706219496504_DM_286.43_beam_376C_frbid.hdf5,0.9146514
59053.7283078999_DM_99.47_beam_0C_frbid.hdf5,1.0
59053.729341827806_DM_99.16_beam_0C_frbid.hdf5,1.0
59053.739606611394_DM_105.30_beam_0C_frbid.hdf5,1.0
59053.73966068059_DM_106.22_beam_0C_frbid.hdf5,1.0
59053.739964694105_DM_105.61_beam_0C_frbid.hdf5,1.0
59053.7427688267_DM_106.53_beam_0C_frbid.hdf5,1.0
59053.744140507995_DM_106.22_beam_0C_frbid.hdf5,1.0
59053.7451877359_DM_106.53_beam_0C_frbid.hdf5,1.0
59053.7452688212_DM_105.92_beam_0C_frbid.hdf5,1.0
59053.745545921396_DM_106.22_beam_0C_frbid.hdf5,1.0
59053.746025602806_DM_106.84_beam_0C_frbid.hdf5,1.0
59053.7460391232_DM_106.53_beam_0C_frbid.hdf5,1.0
59053.74618783889_DM_106.22_beam_0C_frbid.hdf5,1.0
59053.7464513283_DM_106.22_beam_0C_frbid.hdf5,1.0
59053.7472824004_DM_106.22_beam_0C_frbid.hdf5,1.0
59053.747424335495_DM_105.92_beam_0C_frbid.hdf5,1.0
59053.7490324459_DM_106.22_beam_0C_frbid.hdf5,1.0
59053.7493770242_DM_106.22_beam_0C_frbid.hdf5,1.0
59053.789459322805_DM_246.83_beam_108C_frbid.hdf5,0.9867633
59057.8782639112_DM_69.08_beam_469C_frbid.hdf5,0.65105975
59057.8784275491_DM_71.84_beam_152C_frbid.hdf5,0.9526816
59057.8787827484_DM_69.38_beam_679C_frbid.hdf5,0.9999696
59057.878817746605_DM_68.46_beam_282C_frbid.hdf5,0.9065015
59057.8789497394_DM_73.37_beam_365C_frbid.hdf5,0.6421038
59057.8794759173_DM_67.54_beam_577C_frbid.hdf5,0.7088648
59057.9085518889_DM_26.40_beam_186C_frbid.hdf5,0.97036743
59057.9150658121_DM_26.09_beam_580C_frbid.hdf5,0.8112275
59057.9151751433_DM_26.40_beam_568C_frbid.hdf5,0.9820587
59057.915175185895_DM_25.79_beam_604C_frbid.hdf5,0.9940257
59057.9151949463_DM_25.17_beam_712C_frbid.hdf5,0.99295795
59057.915194957_DM_25.17_beam_523C_frbid.hdf5,0.9629427
59057.9153657795_DM_26.09_beam_711C_frbid.hdf5,0.93581814
59057.91642828481_DM_25.17_beam_151C_frbid.hdf5,0.9833304
59057.916428295495_DM_25.48_beam_403C_frbid.hdf5,0.9903814
59057.916428295495_DM_25.48_beam_58C_frbid.hdf5,0.9784207
59088.218265835_DM_452.40_beam_145C_frbid.hdf5,1.0
59088.218520831906_DM_449.79_beam_145C_frbid.hdf5,1.0
59088.218613312594_DM_127.10_beam_159C_frbid.hdf5,1.0
59088.218648383496_DM_448.49_beam_145C_frbid.hdf5,1.0
59088.2192855177_DM_449.79_beam_145C_frbid.hdf5,1.0
59088.219399587804_DM_128.63_beam_120C_frbid.hdf5,1.0
59088.2197733832_DM_128.94_beam_701C_frbid.hdf5,0.9999958
59088.223139058_DM_128.63_beam_436C_frbid.hdf5,0.99996305
59088.2231390598_DM_128.63_beam_180C_frbid.hdf5,1.0
59088.2231433557_DM_128.63_beam_159C_frbid.hdf5,1.0
59088.2235185955_DM_128.63_beam_60C_frbid.hdf5,0.9999987
59088.22351859901_DM_128.33_beam_29C_frbid.hdf5,0.9999875
59088.2236188458_DM_129.25_beam_263C_frbid.hdf5,0.9999999
59088.2236188493_DM_128.63_beam_96C_frbid.hdf5,0.99978024
59088.2236188511_DM_128.63_beam_441C_frbid.hdf5,0.99995756
59088.2240657017_DM_128.63_beam_0I_frbid.hdf5,1.0
59088.224179734694_DM_448.49_beam_145C_frbid.hdf5,1.0
59088.224266202196_DM_128.63_beam_29C_frbid.hdf5,0.9999931
59088.224587697005_DM_449.79_beam_145C_frbid.hdf5,1.0
59088.2248680299_DM_449.79_beam_145C_frbid.hdf5,1.0
59088.2249700648_DM_449.79_beam_145C_frbid.hdf5,1.0
59088.2250309943_DM_129.86_beam_263C_frbid.hdf5,0.99995065
59088.2250310014_DM_128.94_beam_50C_frbid.hdf5,1.0
59088.2250310032_DM_128.63_beam_594C_frbid.hdf5,0.99999
59088.2250310032_DM_128.63_beam_750C_frbid.hdf5,0.9998294
59088.225031005_DM_128.63_beam_554C_frbid.hdf5,1.0
59088.225031005_DM_128.63_beam_598C_frbid.hdf5,0.9999975
59088.2250975419_DM_448.49_beam_145C_frbid.hdf5,1.0
59088.225162776296_DM_127.10_beam_141C_frbid.hdf5,1.0
59088.225326026106_DM_128.63_beam_288C_frbid.hdf5,0.9999144
59088.225326026106_DM_128.63_beam_528C_frbid.hdf5,0.99999833
59088.2253260279_DM_128.63_beam_269C_frbid.hdf5,0.99993217
59088.2253260332_DM_128.63_beam_354C_frbid.hdf5,0.99854374
59088.2255866906_DM_128.63_beam_0I_frbid.hdf5,0.9999999
59088.2296581221_DM_27.94_beam_116C_frbid.hdf5,1.0
59088.229922260194_DM_27.94_beam_538C_frbid.hdf5,0.9999999
59088.2303957777_DM_27.02_beam_116C_frbid.hdf5,1.0
59088.232518982404_DM_27.32_beam_586C_frbid.hdf5,1.0
59088.2332684138_DM_27.94_beam_285C_frbid.hdf5,0.9449569
59088.2332871553_DM_27.02_beam_541C_frbid.hdf5,0.957009
59088.2332986181_DM_27.02_beam_313C_frbid.hdf5,0.99608934
59088.2337400421_DM_27.32_beam_137C_frbid.hdf5,1.0
59088.234098894005_DM_27.63_beam_193C_frbid.hdf5,1.0
59088.2340989046_DM_27.32_beam_45C_frbid.hdf5,1.0
59088.2341637048_DM_27.32_beam_289C_frbid.hdf5,1.0
59088.2341637066_DM_27.32_beam_187C_frbid.hdf5,1.0
59088.2341637083_DM_27.32_beam_207C_frbid.hdf5,1.0
59088.2341637083_DM_27.32_beam_701C_frbid.hdf5,1.0
59088.2341637154_DM_27.02_beam_43C_frbid.hdf5,1.0
59088.2343331752_DM_27.02_beam_212C_frbid.hdf5,1.0
59088.235354878205_DM_27.63_beam_407C_frbid.hdf5,1.0
59088.235354883494_DM_27.32_beam_650C_frbid.hdf5,1.0
59088.235354883494_DM_27.63_beam_691C_frbid.hdf5,0.9999671
59088.235354885306_DM_27.32_beam_289C_frbid.hdf5,1.0
59088.235354885306_DM_27.32_beam_634C_frbid.hdf5,1.0
59088.235354887_DM_27.32_beam_15C_frbid.hdf5,1.0
59088.235354887_DM_27.32_beam_280C_frbid.hdf5,1.0
59088.235354887_DM_27.32_beam_329C_frbid.hdf5,1.0
59088.235354887_DM_27.32_beam_436C_frbid.hdf5,1.0
59088.235354887_DM_27.32_beam_620C_frbid.hdf5,1.0
59088.235354887_DM_27.32_beam_638C_frbid.hdf5,1.0
59088.2353548888_DM_27.32_beam_137C_frbid.hdf5,1.0
59088.2353548888_DM_27.32_beam_18C_frbid.hdf5,1.0
59088.2353548959_DM_27.02_beam_721C_frbid.hdf5,1.0
59088.23556421151_DM_27.32_beam_37C_frbid.hdf5,1.0
59088.235788523896_DM_26.71_beam_202C_frbid.hdf5,1.0
59088.2366906238_DM_27.32_beam_0I_frbid.hdf5,1.0
59088.2366955789_DM_27.63_beam_58C_frbid.hdf5,0.99994266
59088.245360662404_DM_61.09_beam_399C_frbid.hdf5,0.8599462
59088.6424086947_DM_203.23_beam_43C_frbid.hdf5,1.0
59088.643124075_DM_203.54_beam_43C_frbid.hdf5,1.0
59088.6439587784_DM_202.93_beam_43C_frbid.hdf5,1.0
59088.643965014904_DM_203.23_beam_43C_frbid.hdf5,1.0
59088.6442348933_DM_202.31_beam_43C_frbid.hdf5,1.0
59088.646186571794_DM_202.93_beam_43C_frbid.hdf5,1.0
59088.64621796519_DM_202.62_beam_43C_frbid.hdf5,1.0
59088.647227724294_DM_126.18_beam_445C_frbid.hdf5,0.99983895
59088.650657966_DM_130.17_beam_538C_frbid.hdf5,1.0
59088.6521576632_DM_131.09_beam_538C_frbid.hdf5,1.0
59088.65287439401_DM_130.78_beam_538C_frbid.hdf5,1.0
59088.6530203326_DM_131.40_beam_538C_frbid.hdf5,1.0
59088.65317956651_DM_130.47_beam_538C_frbid.hdf5,1.0
59088.6533521383_DM_130.78_beam_540C_frbid.hdf5,1.0
59088.654174947595_DM_131.09_beam_715C_frbid.hdf5,1.0
59088.6544404042_DM_130.78_beam_715C_frbid.hdf5,1.0
59088.6544669559_DM_131.40_beam_715C_frbid.hdf5,1.0
59088.654493532405_DM_130.17_beam_715C_frbid.hdf5,1.0
59088.65493152_DM_130.17_beam_715C_frbid.hdf5,1.0
59088.655183676_DM_128.63_beam_715C_frbid.hdf5,1.0
59088.655289797694_DM_130.78_beam_715C_frbid.hdf5,1.0
59088.65563504941_DM_128.33_beam_715C_frbid.hdf5,1.0
59088.65574110731_DM_129.55_beam_715C_frbid.hdf5,1.0
59088.656842649696_DM_130.78_beam_715C_frbid.hdf5,1.0
59088.6571479285_DM_131.70_beam_715C_frbid.hdf5,1.0
59088.65737343179_DM_130.47_beam_0I_frbid.hdf5,1.0
59088.6576256976_DM_131.40_beam_715C_frbid.hdf5,1.0
59088.65816982651_DM_130.47_beam_715C_frbid.hdf5,1.0
59088.6657906804_DM_374.23_beam_430C_frbid.hdf5,0.5621313
59088.666329999294_DM_181.13_beam_134C_frbid.hdf5,1.0
59088.6681802898_DM_181.44_beam_134C_frbid.hdf5,1.0
59088.6681954105_DM_180.82_beam_0I_frbid.hdf5,1.0
59088.6690979747_DM_179.59_beam_134C_frbid.hdf5,1.0
59088.7003771381_DM_370.55_beam_233C_frbid.hdf5,1.0
59088.7004985667_DM_369.94_beam_233C_frbid.hdf5,1.0
59088.700547087_DM_370.24_beam_233C_frbid.hdf5,1.0
59088.7010447708_DM_370.55_beam_233C_frbid.hdf5,1.0
59088.701190441796_DM_369.94_beam_233C_frbid.hdf5,1.0
59088.702768525094_DM_369.63_beam_233C_frbid.hdf5,1.0
59088.703254046_DM_371.16_beam_233C_frbid.hdf5,1.0
59088.704334390706_DM_371.16_beam_233C_frbid.hdf5,1.0
59088.7043829624_DM_369.63_beam_233C_frbid.hdf5,1.0
59088.704965667595_DM_370.24_beam_233C_frbid.hdf5,1.0
59088.7051355987_DM_370.86_beam_233C_frbid.hdf5,1.0
59088.7061917151_DM_369.94_beam_233C_frbid.hdf5,1.0
59088.7062281187_DM_369.94_beam_233C_frbid.hdf5,1.0
59088.7239432221_DM_54.03_beam_689C_frbid.hdf5,0.99754494
59088.723947783896_DM_51.58_beam_569C_frbid.hdf5,0.91992766
59088.7239479788_DM_52.50_beam_189C_frbid.hdf5,0.93613327
59088.7277421717_DM_53.42_beam_7C_frbid.hdf5,0.9999894
59088.7281886182_DM_54.65_beam_7C_frbid.hdf5,1.0
59088.7283744269_DM_54.34_beam_7C_frbid.hdf5,1.0
59088.7985169324_DM_22.41_beam_357C_frbid.hdf5,0.9999894
59088.798672641395_DM_22.41_beam_9C_frbid.hdf5,0.9999987
59088.7990948455_DM_23.64_beam_168C_frbid.hdf5,0.9999865
59088.799098288895_DM_23.33_beam_349C_frbid.hdf5,0.9999819
59088.801527886506_DM_23.02_beam_99C_frbid.hdf5,1.0
59099.777649676296_DM_53.11_beam_583C_frbid.hdf5,0.9541506
59099.7776619437_DM_38.38_beam_736C_frbid.hdf5,0.852394
59099.77787127889_DM_52.50_beam_661C_frbid.hdf5,0.9397859
59099.816186177595_DM_59.25_beam_0C_frbid.hdf5,1.0
59099.817559083494_DM_59.87_beam_0C_frbid.hdf5,1.0
59099.8182913089_DM_59.25_beam_0C_frbid.hdf5,1.0
59099.8373205114_DM_42.06_beam_382C_frbid.hdf5,0.99999905
59099.8400042222_DM_45.13_beam_202C_frbid.hdf5,0.9999995
59099.8441554154_DM_44.21_beam_0I_frbid.hdf5,1.0
59099.844155420804_DM_42.98_beam_713C_frbid.hdf5,0.9999999
59099.8442933595_DM_43.59_beam_92C_frbid.hdf5,0.99996483
59099.8464126297_DM_44.82_beam_735C_frbid.hdf5,1.0
59099.8466384077_DM_44.52_beam_0I_frbid.hdf5,1.0
59099.8467637387_DM_43.90_beam_0I_frbid.hdf5,1.0
59146.5444920536_DM_72.76_beam_0I_frbid.hdf5,1.0
59146.5462658825_DM_73.07_beam_373C_frbid.hdf5,1.0
59146.5491329208_DM_73.07_beam_0I_frbid.hdf5,1.0
59146.5579701249_DM_245.60_beam_108C_frbid.hdf5,1.0
59146.557970135495_DM_244.99_beam_0I_frbid.hdf5,1.0
59146.5581727362_DM_244.68_beam_0I_frbid.hdf5,1.0
59146.558257116_DM_246.21_beam_173C_frbid.hdf5,1.0
59146.5588312241_DM_244.99_beam_0I_frbid.hdf5,1.0
59146.558966250996_DM_245.29_beam_0I_frbid.hdf5,1.0
59146.559177321105_DM_244.99_beam_169C_frbid.hdf5,1.0
59146.55917732821_DM_244.68_beam_356C_frbid.hdf5,1.0
59146.5592279629_DM_244.99_beam_54C_frbid.hdf5,1.0
59146.5595909547_DM_245.91_beam_70C_frbid.hdf5,1.0
59146.5601204856_DM_244.68_beam_108C_frbid.hdf5,1.0
59146.5607474808_DM_245.60_beam_0I_frbid.hdf5,1.0
59146.5626167278_DM_402.01_beam_0C_frbid.hdf5,1.0
59146.562669813495_DM_400.70_beam_0C_frbid.hdf5,1.0
59146.5628139958_DM_401.35_beam_0C_frbid.hdf5,1.0
59146.5628443223_DM_402.01_beam_0C_frbid.hdf5,1.0
59146.5630264022_DM_402.01_beam_0C_frbid.hdf5,1.0
59146.5630947008_DM_401.35_beam_0C_frbid.hdf5,1.0
59146.56340576059_DM_401.35_beam_0I_frbid.hdf5,1.0
59146.5654882734_DM_503.07_beam_0C_frbid.hdf5,1.0
59146.565550620704_DM_503.72_beam_0C_frbid.hdf5,1.0
59146.565620794296_DM_503.72_beam_0C_frbid.hdf5,1.0
59146.5656675531_DM_503.72_beam_0C_frbid.hdf5,1.0
59146.5657143296_DM_503.72_beam_0C_frbid.hdf5,1.0
59146.5657611096_DM_503.72_beam_0C_frbid.hdf5,1.0
59146.5658157088_DM_503.07_beam_0C_frbid.hdf5,1.0
59146.565862456904_DM_504.37_beam_0C_frbid.hdf5,1.0
59146.5659014249_DM_503.72_beam_0C_frbid.hdf5,1.0
59146.5659794034_DM_503.07_beam_0C_frbid.hdf5,1.0
59146.5660885485_DM_503.07_beam_0C_frbid.hdf5,1.0
59146.566135321504_DM_503.72_beam_0C_frbid.hdf5,1.0
59146.566197693704_DM_503.07_beam_0C_frbid.hdf5,1.0
59146.5663068246_DM_503.72_beam_0C_frbid.hdf5,1.0
59146.568483342_DM_177.14_beam_107C_frbid.hdf5,1.0
59146.5700993371_DM_178.67_beam_107C_frbid.hdf5,1.0
59146.5711882558_DM_177.75_beam_107C_frbid.hdf5,1.0
59146.571300512995_DM_179.29_beam_107C_frbid.hdf5,1.0
59146.5720610234_DM_177.14_beam_107C_frbid.hdf5,1.0
59146.58161738599_DM_137.84_beam_0C_frbid.hdf5,1.0
59146.581638897405_DM_138.46_beam_0C_frbid.hdf5,1.0
59146.581747681_DM_138.76_beam_0C_frbid.hdf5,1.0
59146.5817905621_DM_136.92_beam_0C_frbid.hdf5,1.0
59146.582433998396_DM_139.38_beam_0C_frbid.hdf5,1.0
59146.607837103_DM_201.70_beam_0C_frbid.hdf5,1.0
59146.62813919481_DM_124.33_beam_0C_frbid.hdf5,1.0
59146.629175224596_DM_125.56_beam_0C_frbid.hdf5,1.0
59146.630399838396_DM_119.73_beam_0C_frbid.hdf5,1.0
59146.6307450404_DM_125.26_beam_0C_frbid.hdf5,1.0
59146.631624117195_DM_124.33_beam_0C_frbid.hdf5,1.0
59146.6319695266_DM_124.95_beam_0C_frbid.hdf5,1.0
59146.6340754637_DM_283.98_beam_0C_frbid.hdf5,1.0
59146.6346516541_DM_283.67_beam_0C_frbid.hdf5,1.0
59146.634655421905_DM_283.98_beam_0C_frbid.hdf5,1.0
59146.6376732429_DM_97.01_beam_0C_frbid.hdf5,1.0
59146.6401527531_DM_145.21_beam_0C_frbid.hdf5,1.0
59146.64015880349_DM_144.90_beam_0C_frbid.hdf5,1.0
59146.6403036539_DM_145.82_beam_0C_frbid.hdf5,1.0
59146.6403519475_DM_144.60_beam_0C_frbid.hdf5,1.0
59146.640442489406_DM_144.90_beam_0C_frbid.hdf5,1.0
59146.640653731396_DM_145.21_beam_0C_frbid.hdf5,1.0
59146.649052104905_DM_105.30_beam_195C_frbid.hdf5,1.0
59146.6511875458_DM_241.92_beam_0C_frbid.hdf5,1.0
59146.651192244004_DM_242.53_beam_0C_frbid.hdf5,1.0
59146.6512718725_DM_241.92_beam_0C_frbid.hdf5,0.9999999
59146.6513327117_DM_241.30_beam_0C_frbid.hdf5,1.0
59146.6514123242_DM_242.22_beam_0C_frbid.hdf5,1.0
59146.6514357355_DM_241.92_beam_0C_frbid.hdf5,1.0
59146.6526833496_DM_61.40_beam_0C_frbid.hdf5,1.0
59146.653685065496_DM_236.08_beam_0C_frbid.hdf5,1.0
59146.6536980879_DM_237.31_beam_0C_frbid.hdf5,1.0
59146.6537600755_DM_237.00_beam_0C_frbid.hdf5,1.0
59146.6547734846_DM_94.86_beam_0C_frbid.hdf5,1.0
59146.654906406104_DM_94.56_beam_0C_frbid.hdf5,1.0
59146.6549717504_DM_94.86_beam_0C_frbid.hdf5,1.0
59146.6549830254_DM_94.56_beam_0C_frbid.hdf5,1.0
59146.6549897794_DM_94.56_beam_0C_frbid.hdf5,1.0
59146.6560460058_DM_90.56_beam_0C_frbid.hdf5,1.0
59146.6562227743_DM_90.56_beam_0C_frbid.hdf5,1.0
59146.656517325704_DM_90.26_beam_0I_frbid.hdf5,1.0
59146.657179937596_DM_92.41_beam_0C_frbid.hdf5,1.0
59146.65762174269_DM_89.95_beam_0C_frbid.hdf5,1.0
59146.6577983712_DM_92.10_beam_0C_frbid.hdf5,1.0
59146.6580341587_DM_90.56_beam_272C_frbid.hdf5,1.0
59146.658034162305_DM_90.87_beam_193C_frbid.hdf5,1.0
59146.6580341711_DM_90.56_beam_241C_frbid.hdf5,1.0
59146.658034174696_DM_90.56_beam_284C_frbid.hdf5,1.0
59146.6580341764_DM_90.56_beam_99C_frbid.hdf5,1.0
59146.6580341782_DM_89.95_beam_198C_frbid.hdf5,1.0
59146.6580341782_DM_90.26_beam_90C_frbid.hdf5,1.0
59146.660706630704_DM_155.34_beam_0C_frbid.hdf5,1.0
59146.6610962043_DM_153.81_beam_0C_frbid.hdf5,1.0
59146.666479436906_DM_176.83_beam_0C_frbid.hdf5,1.0
59146.6665800841_DM_176.83_beam_0C_frbid.hdf5,1.0
59146.6666069282_DM_177.14_beam_0C_frbid.hdf5,1.0
59146.6698355408_DM_98.24_beam_86C_frbid.hdf5,1.0
59146.6703743529_DM_99.16_beam_86C_frbid.hdf5,1.0
59146.6844602406_DM_177.45_beam_0C_frbid.hdf5,1.0
59146.68448173429_DM_176.83_beam_0C_frbid.hdf5,1.0
59146.684858085195_DM_176.83_beam_0C_frbid.hdf5,1.0
59146.6849652703_DM_177.14_beam_0C_frbid.hdf5,1.0
59146.685572627306_DM_176.83_beam_0C_frbid.hdf5,1.0
59146.6863782607_DM_176.83_beam_0C_frbid.hdf5,1.0
59146.6921322796_DM_59.25_beam_0C_frbid.hdf5,1.0
59146.6923384034_DM_59.56_beam_0C_frbid.hdf5,1.0
59146.6927857379_DM_58.64_beam_0C_frbid.hdf5,1.0
59146.7004116759_DM_35.00_beam_0C_frbid.hdf5,1.0
59146.7151709435_DM_59.87_beam_0C_frbid.hdf5,1.0
59146.71533633769_DM_59.25_beam_0C_frbid.hdf5,1.0
59146.7154619593_DM_59.87_beam_0C_frbid.hdf5,1.0
59149.0488475403_DM_43.90_beam_0C_frbid.hdf5,1.0
59149.0497231364_DM_44.52_beam_0C_frbid.hdf5,1.0
59149.051423904806_DM_44.52_beam_0C_frbid.hdf5,1.0
59149.0557952687_DM_38.38_beam_245C_frbid.hdf5,1.0
59149.0558206259_DM_41.45_beam_190C_frbid.hdf5,1.0
59149.0558206401_DM_41.75_beam_377C_frbid.hdf5,1.0
59149.0558206454_DM_40.52_beam_131C_frbid.hdf5,1.0
59149.05582064889_DM_40.22_beam_296C_frbid.hdf5,1.0
59149.0558206525_DM_39.91_beam_375C_frbid.hdf5,1.0
59149.055820655994_DM_39.91_beam_187C_frbid.hdf5,1.0
59149.055820657806_DM_39.91_beam_323C_frbid.hdf5,1.0
59149.055820659596_DM_39.91_beam_64C_frbid.hdf5,1.0
59149.0558460114_DM_40.83_beam_74C_frbid.hdf5,1.0
59149.0558460185_DM_40.83_beam_1C_frbid.hdf5,1.0
59149.055903247696_DM_40.52_beam_249C_frbid.hdf5,1.0
59149.055903258304_DM_39.91_beam_183C_frbid.hdf5,0.9999951
59149.0559032636_DM_39.91_beam_377C_frbid.hdf5,1.0
59149.0559032814_DM_38.68_beam_112C_frbid.hdf5,1.0
59149.0559032884_DM_38.68_beam_308C_frbid.hdf5,1.0
59149.0559349211_DM_41.75_beam_185C_frbid.hdf5,0.9999982
59149.055935008_DM_39.30_beam_336C_frbid.hdf5,1.0
59149.055935039905_DM_38.38_beam_362C_frbid.hdf5,1.0
59149.0559477167_DM_40.52_beam_92C_frbid.hdf5,1.0
59149.055947718494_DM_40.52_beam_89C_frbid.hdf5,1.0
59149.0559477309_DM_39.91_beam_379C_frbid.hdf5,1.0
59149.055947732595_DM_39.91_beam_14C_frbid.hdf5,1.0
59149.0559477415_DM_39.60_beam_230C_frbid.hdf5,1.0
59149.0559477468_DM_39.30_beam_146C_frbid.hdf5,1.0
59149.0559477557_DM_38.68_beam_83C_frbid.hdf5,1.0
59149.055954033_DM_39.91_beam_249C_frbid.hdf5,1.0
59149.0559540595_DM_39.60_beam_314C_frbid.hdf5,1.0
59149.0559921981_DM_41.75_beam_4C_frbid.hdf5,1.0
59149.0559922336_DM_40.52_beam_358C_frbid.hdf5,1.0
59149.055992240705_DM_40.22_beam_90C_frbid.hdf5,1.0
59149.0559922495_DM_40.22_beam_317C_frbid.hdf5,1.0
59149.0559922513_DM_39.91_beam_85C_frbid.hdf5,1.0
59149.0559922602_DM_39.60_beam_164C_frbid.hdf5,1.0
59149.05599226191_DM_39.60_beam_379C_frbid.hdf5,1.0
59149.05599226191_DM_39.91_beam_42C_frbid.hdf5,1.0
59149.055992263704_DM_39.60_beam_187C_frbid.hdf5,1.0
59149.055992290305_DM_38.38_beam_47C_frbid.hdf5,1.0
59149.056036619295_DM_40.83_beam_270C_frbid.hdf5,1.0
59149.056036637005_DM_40.52_beam_83C_frbid.hdf5,1.0
59149.0560366619_DM_39.91_beam_336C_frbid.hdf5,1.0
59149.056036668895_DM_39.60_beam_103C_frbid.hdf5,1.0
59149.05603669019_DM_38.07_beam_336C_frbid.hdf5,1.0
59149.0560620704_DM_40.22_beam_101C_frbid.hdf5,1.0
59149.05606207401_DM_40.52_beam_192C_frbid.hdf5,1.0
59149.0560620793_DM_39.91_beam_346C_frbid.hdf5,1.0
59149.056062082804_DM_40.22_beam_168C_frbid.hdf5,1.0
59149.0560620882_DM_39.60_beam_264C_frbid.hdf5,1.0
59149.056062089905_DM_39.60_beam_32C_frbid.hdf5,1.0
59149.0560620935_DM_39.91_beam_105C_frbid.hdf5,1.0
59149.056112894694_DM_41.14_beam_211C_frbid.hdf5,0.99991775
59149.0561510652_DM_38.38_beam_144C_frbid.hdf5,0.9999994
59149.056170040596_DM_39.91_beam_0I_frbid.hdf5,1.0
59149.0561827936_DM_40.22_beam_256C_frbid.hdf5,0.9999118
59149.0561827972_DM_40.52_beam_271C_frbid.hdf5,1.0
59149.056182813096_DM_39.60_beam_277C_frbid.hdf5,0.9999999
59149.0561953942_DM_39.30_beam_150C_frbid.hdf5,0.9999988
59149.0562207833_DM_41.14_beam_238C_frbid.hdf5,0.93985033
59149.056246255706_DM_40.83_beam_218C_frbid.hdf5,1.0
59149.0623794362_DM_80.43_beam_0C_frbid.hdf5,1.0
59149.0633726525_DM_71.84_beam_0C_frbid.hdf5,0.9999796
59149.0652239531_DM_70.61_beam_0C_frbid.hdf5,1.0
59149.0686945742_DM_83.81_beam_0C_frbid.hdf5,1.0
59149.0721757508_DM_138.76_beam_0C_frbid.hdf5,1.0
59149.072467666905_DM_138.46_beam_0C_frbid.hdf5,1.0
59149.072550256904_DM_138.46_beam_0C_frbid.hdf5,1.0
59149.0734540725_DM_89.95_beam_0C_frbid.hdf5,0.99997115
59149.07361446191_DM_86.57_beam_0C_frbid.hdf5,1.0
59149.073618481394_DM_86.57_beam_0C_frbid.hdf5,1.0
59149.0770766186_DM_149.20_beam_0C_frbid.hdf5,1.0
59149.0959791554_DM_27.32_beam_0I_frbid.hdf5,1.0
59149.09608378309_DM_28.55_beam_0I_frbid.hdf5,1.0
59149.1065889384_DM_33.46_beam_0I_frbid.hdf5,1.0
59149.1066855201_DM_34.08_beam_0C_frbid.hdf5,0.99999225
59149.106877269296_DM_34.38_beam_0C_frbid.hdf5,0.9922312
59149.1075519962_DM_34.69_beam_0C_frbid.hdf5,1.0
59149.1102390004_DM_147.05_beam_0C_frbid.hdf5,1.0
59149.1143311491_DM_194.64_beam_0C_frbid.hdf5,1.0
59149.1163036945_DM_103.46_beam_229C_frbid.hdf5,1.0
59149.1163447502_DM_103.77_beam_207C_frbid.hdf5,1.0
59149.1163476283_DM_103.46_beam_121C_frbid.hdf5,0.99999666
59149.1164509712_DM_103.77_beam_0I_frbid.hdf5,1.0
59149.116491477405_DM_103.77_beam_0C_frbid.hdf5,1.0
59149.11649732941_DM_104.69_beam_207C_frbid.hdf5,1.0
59149.116511987595_DM_104.38_beam_144C_frbid.hdf5,1.0
59149.1165120159_DM_103.46_beam_121C_frbid.hdf5,1.0
59149.118363439_DM_55.26_beam_0C_frbid.hdf5,1.0
59149.1184745956_DM_54.03_beam_0C_frbid.hdf5,1.0
59149.1187736841_DM_55.26_beam_0C_frbid.hdf5,1.0
59149.1189472129_DM_52.80_beam_0C_frbid.hdf5,1.0
59149.1189628759_DM_57.10_beam_0C_frbid.hdf5,1.0
59149.118962893604_DM_56.18_beam_0C_frbid.hdf5,1.0
59149.1197516712_DM_54.65_beam_0C_frbid.hdf5,1.0
59149.121207419295_DM_153.19_beam_0C_frbid.hdf5,1.0
59149.1212334127_DM_153.50_beam_0C_frbid.hdf5,1.0
59149.121259305095_DM_154.11_beam_0C_frbid.hdf5,1.0
59149.121397468894_DM_155.03_beam_0C_frbid.hdf5,1.0
59149.1217430945_DM_152.89_beam_0C_frbid.hdf5,1.0
59149.121846639406_DM_153.50_beam_0C_frbid.hdf5,1.0
59149.1218726665_DM_153.81_beam_0C_frbid.hdf5,1.0
59149.121915747804_DM_153.50_beam_0C_frbid.hdf5,1.0
59149.1221145222_DM_153.50_beam_0C_frbid.hdf5,1.0
59149.1242143513_DM_100.39_beam_342C_frbid.hdf5,1.0
59149.124230985595_DM_100.08_beam_0I_frbid.hdf5,1.0
59149.1253514998_DM_101.31_beam_284C_frbid.hdf5,1.0
59149.1293302346_DM_162.10_beam_0I_frbid.hdf5,1.0
59149.1294612243_DM_160.25_beam_0C_frbid.hdf5,1.0
59149.12997563981_DM_160.56_beam_0C_frbid.hdf5,1.0
59149.1300879005_DM_160.25_beam_0C_frbid.hdf5,1.0
59149.1302188619_DM_160.25_beam_0C_frbid.hdf5,1.0
59149.1312993114_DM_201.70_beam_0C_frbid.hdf5,1.0
59149.133533036795_DM_94.25_beam_0C_frbid.hdf5,1.0
59149.1336028683_DM_92.41_beam_0C_frbid.hdf5,1.0
59149.1336570829_DM_90.87_beam_0C_frbid.hdf5,1.0
59149.1352106831_DM_158.41_beam_0C_frbid.hdf5,1.0
59149.1357298216_DM_157.49_beam_0C_frbid.hdf5,1.0
59149.139157221296_DM_382.52_beam_0C_frbid.hdf5,1.0
59149.1392805301_DM_382.83_beam_0C_frbid.hdf5,1.0
59149.1393564688_DM_382.52_beam_0C_frbid.hdf5,1.0
59149.1395367942_DM_382.83_beam_0I_frbid.hdf5,1.0
59149.139536811905_DM_380.37_beam_139C_frbid.hdf5,0.9999999
59149.139612695595_DM_383.75_beam_0C_frbid.hdf5,1.0
59149.139773967596_DM_382.83_beam_0C_frbid.hdf5,1.0
59149.1447067678_DM_137.23_beam_0C_frbid.hdf5,1.0
59149.145013937596_DM_136.62_beam_0C_frbid.hdf5,1.0
59149.1468482782_DM_307.92_beam_0C_frbid.hdf5,1.0
59149.1482304759_DM_306.69_beam_0C_frbid.hdf5,1.0
59149.1483525903_DM_307.00_beam_0C_frbid.hdf5,1.0
59149.1485151897_DM_306.39_beam_0C_frbid.hdf5,1.0
59149.149888638494_DM_240.38_beam_0C_frbid.hdf5,1.0
59149.1499784555_DM_240.69_beam_0C_frbid.hdf5,1.0
59149.150016975196_DM_240.07_beam_0C_frbid.hdf5,1.0
59149.150076806_DM_240.69_beam_0C_frbid.hdf5,1.0
59149.1509003622_DM_116.66_beam_21C_frbid.hdf5,1.0
59149.150900365705_DM_116.97_beam_381C_frbid.hdf5,1.0
59149.1509003693_DM_116.66_beam_179C_frbid.hdf5,1.0
59149.150900372806_DM_116.35_beam_234C_frbid.hdf5,1.0
59149.150900372806_DM_116.35_beam_368C_frbid.hdf5,1.0
59149.150900372806_DM_116.35_beam_377C_frbid.hdf5,1.0
59149.1509003746_DM_116.35_beam_0I_frbid.hdf5,1.0
59149.1509003746_DM_116.35_beam_104C_frbid.hdf5,1.0
59149.1509003746_DM_116.35_beam_126C_frbid.hdf5,1.0
59149.1509003746_DM_116.35_beam_166C_frbid.hdf5,1.0
59149.1509003746_DM_116.35_beam_177C_frbid.hdf5,1.0
59149.1509003746_DM_116.35_beam_290C_frbid.hdf5,1.0
59149.1509003746_DM_116.35_beam_352C_frbid.hdf5,1.0
59149.1509003746_DM_116.35_beam_356C_frbid.hdf5,1.0
59149.1509003746_DM_116.35_beam_358C_frbid.hdf5,1.0
59149.1509003746_DM_116.35_beam_367C_frbid.hdf5,1.0
59149.1509003746_DM_116.35_beam_54C_frbid.hdf5,1.0
59149.1509003746_DM_116.35_beam_90C_frbid.hdf5,1.0
59149.1509003746_DM_116.35_beam_92C_frbid.hdf5,1.0
59149.1509003763_DM_116.35_beam_109C_frbid.hdf5,1.0
59149.1509003763_DM_116.35_beam_272C_frbid.hdf5,1.0
59149.150900378096_DM_116.05_beam_300C_frbid.hdf5,1.0
59149.150900378096_DM_116.05_beam_33C_frbid.hdf5,1.0
59149.1509003799_DM_116.05_beam_238C_frbid.hdf5,1.0
59149.1509026714_DM_116.35_beam_314C_frbid.hdf5,1.0
59149.1509026714_DM_116.66_beam_57C_frbid.hdf5,1.0
59149.1509026732_DM_116.35_beam_149C_frbid.hdf5,1.0
59149.1509026732_DM_116.35_beam_360C_frbid.hdf5,1.0
59149.1509026732_DM_116.35_beam_365C_frbid.hdf5,1.0
59149.150902674905_DM_116.35_beam_258C_frbid.hdf5,1.0
59149.150902674905_DM_116.35_beam_36C_frbid.hdf5,1.0
59149.150902674905_DM_116.35_beam_376C_frbid.hdf5,1.0
59149.150902674905_DM_116.35_beam_94C_frbid.hdf5,1.0
59149.1509026767_DM_116.35_beam_38C_frbid.hdf5,1.0
59149.1509026803_DM_116.05_beam_249C_frbid.hdf5,1.0
59149.1509141591_DM_116.35_beam_0C_frbid.hdf5,1.0
59149.150921061904_DM_116.35_beam_0C_frbid.hdf5,1.0
59149.150923388894_DM_116.35_beam_0C_frbid.hdf5,1.0
59149.1510060213_DM_116.35_beam_0C_frbid.hdf5,1.0
59149.151047371204_DM_116.35_beam_0C_frbid.hdf5,1.0
59149.1510657564_DM_116.35_beam_0C_frbid.hdf5,1.0
59149.1511254702_DM_116.35_beam_0C_frbid.hdf5,1.0
59149.1511254702_DM_116.35_beam_0I_frbid.hdf5,1.0
59149.151146145196_DM_116.66_beam_0C_frbid.hdf5,1.0
59149.1512426011_DM_116.66_beam_0C_frbid.hdf5,1.0
59149.1512426011_DM_116.66_beam_0I_frbid.hdf5,1.0
59149.1512633062_DM_116.35_beam_0C_frbid.hdf5,1.0
59149.151373543_DM_116.35_beam_0C_frbid.hdf5,1.0
59149.152166584805_DM_128.63_beam_79C_frbid.hdf5,1.0
59149.15227118941_DM_128.63_beam_79C_frbid.hdf5,1.0
59149.1522740179_DM_128.63_beam_79C_frbid.hdf5,1.0
59149.1524029005_DM_128.63_beam_79C_frbid.hdf5,1.0
59149.15242299769_DM_128.63_beam_79C_frbid.hdf5,1.0
59149.1524272634_DM_128.63_beam_79C_frbid.hdf5,1.0
59149.1524315434_DM_128.63_beam_79C_frbid.hdf5,1.0
59149.152577627305_DM_128.63_beam_79C_frbid.hdf5,1.0
59149.152669331794_DM_128.63_beam_79C_frbid.hdf5,0.99999297
59149.1527036672_DM_128.94_beam_79C_frbid.hdf5,1.0
59149.1527767419_DM_128.63_beam_79C_frbid.hdf5,1.0
59149.152793883_DM_128.94_beam_0I_frbid.hdf5,1.0
59149.152809677194_DM_128.63_beam_79C_frbid.hdf5,1.0
59149.1528268059_DM_128.63_beam_79C_frbid.hdf5,1.0
59149.1529070104_DM_128.63_beam_79C_frbid.hdf5,1.0
59149.1529141879_DM_128.63_beam_79C_frbid.hdf5,1.0
59149.1529156057_DM_128.63_beam_79C_frbid.hdf5,1.0
59149.1530244425_DM_128.94_beam_79C_frbid.hdf5,1.0
59149.1530315988_DM_128.33_beam_79C_frbid.hdf5,1.0
59149.153180564404_DM_128.63_beam_79C_frbid.hdf5,1.0
59149.153203463495_DM_128.63_beam_79C_frbid.hdf5,1.0
59149.1532206471_DM_128.63_beam_79C_frbid.hdf5,1.0
59149.1532922704_DM_128.94_beam_79C_frbid.hdf5,1.0
59149.153310894806_DM_128.94_beam_79C_frbid.hdf5,1.0
59149.1533653008_DM_128.94_beam_79C_frbid.hdf5,1.0
59149.1534440769_DM_128.63_beam_79C_frbid.hdf5,1.0
59149.153540006395_DM_128.33_beam_79C_frbid.hdf5,1.0
59149.153558646794_DM_128.94_beam_79C_frbid.hdf5,1.0
59149.1535787174_DM_128.63_beam_79C_frbid.hdf5,1.0
59149.1538121692_DM_128.63_beam_79C_frbid.hdf5,1.0
59149.1538135958_DM_128.33_beam_79C_frbid.hdf5,1.0
59149.1538178492_DM_128.63_beam_79C_frbid.hdf5,1.0
59149.1539267267_DM_128.94_beam_79C_frbid.hdf5,1.0
59149.1539295676_DM_128.63_beam_79C_frbid.hdf5,1.0
59149.1539467371_DM_128.63_beam_79C_frbid.hdf5,1.0
59149.1539825274_DM_128.63_beam_79C_frbid.hdf5,1.0
59149.1541100454_DM_128.94_beam_79C_frbid.hdf5,1.0
59149.1543995247_DM_448.30_beam_0C_frbid.hdf5,1.0
59149.154469515706_DM_128.63_beam_79C_frbid.hdf5,1.0
59149.1544795484_DM_128.63_beam_79C_frbid.hdf5,1.0
59149.1545539612_DM_128.63_beam_79C_frbid.hdf5,1.0
59149.1545778687_DM_448.95_beam_0C_frbid.hdf5,1.0
59149.1545782852_DM_128.63_beam_79C_frbid.hdf5,0.9999949
59149.1546012587_DM_128.63_beam_79C_frbid.hdf5,1.0
59149.154625568495_DM_128.63_beam_79C_frbid.hdf5,1.0
59149.1547215654_DM_128.63_beam_79C_frbid.hdf5,1.0
59149.1547773821_DM_128.63_beam_79C_frbid.hdf5,1.0
59149.1547974208_DM_128.63_beam_79C_frbid.hdf5,1.0
59149.1548303756_DM_128.63_beam_79C_frbid.hdf5,1.0
59149.154838956696_DM_128.63_beam_79C_frbid.hdf5,1.0
59149.1549420816_DM_128.63_beam_79C_frbid.hdf5,1.0
59149.15497219191_DM_128.63_beam_79C_frbid.hdf5,1.0
59149.1550110678_DM_450.91_beam_0C_frbid.hdf5,1.0
59149.155013736796_DM_128.33_beam_79C_frbid.hdf5,1.0
59149.1550738706_DM_128.63_beam_79C_frbid.hdf5,1.0
59149.15510396849_DM_128.63_beam_79C_frbid.hdf5,1.0
59149.1551397022_DM_128.63_beam_79C_frbid.hdf5,1.0
59149.1551497685_DM_128.63_beam_79C_frbid.hdf5,1.0
59149.1551898193_DM_448.95_beam_0C_frbid.hdf5,1.0
59149.155227066505_DM_128.94_beam_79C_frbid.hdf5,1.0
59149.1552457317_DM_128.63_beam_79C_frbid.hdf5,1.0
59149.1553015307_DM_128.63_beam_79C_frbid.hdf5,1.0
59149.1553287611_DM_128.63_beam_79C_frbid.hdf5,1.0
59149.155367420804_DM_128.63_beam_79C_frbid.hdf5,1.0
59149.155410397594_DM_128.63_beam_79C_frbid.hdf5,1.0
59149.1554777001_DM_128.63_beam_79C_frbid.hdf5,1.0
59149.1556194704_DM_128.63_beam_79C_frbid.hdf5,1.0
59149.1556741404_DM_448.95_beam_0C_frbid.hdf5,1.0
59149.1557082631_DM_128.63_beam_0I_frbid.hdf5,1.0
59149.1557082631_DM_128.63_beam_79C_frbid.hdf5,1.0
59149.155719718896_DM_128.63_beam_79C_frbid.hdf5,1.0
59149.1557684289_DM_128.63_beam_79C_frbid.hdf5,1.0
59149.1559546008_DM_128.94_beam_79C_frbid.hdf5,1.0
59149.1559703525_DM_128.63_beam_79C_frbid.hdf5,1.0
59149.1560505392_DM_128.63_beam_0I_frbid.hdf5,0.99999857
59149.1561073962_DM_450.25_beam_0C_frbid.hdf5,0.99999964
59149.1561106961_DM_128.63_beam_0I_frbid.hdf5,1.0
59149.1561379142_DM_128.63_beam_0I_frbid.hdf5,1.0
59149.1561583516_DM_449.60_beam_0C_frbid.hdf5,1.0
59149.1563283767_DM_128.63_beam_79C_frbid.hdf5,1.0
59149.156332715196_DM_128.63_beam_79C_frbid.hdf5,1.0
59149.1563527255_DM_128.63_beam_79C_frbid.hdf5,1.0
59149.1565146196_DM_128.63_beam_79C_frbid.hdf5,1.0
59149.1565231476_DM_128.63_beam_0I_frbid.hdf5,0.9999995
59149.1566849779_DM_128.63_beam_0I_frbid.hdf5,1.0
59149.157787258395_DM_29.78_beam_0C_frbid.hdf5,1.0
59149.1578305312_DM_29.78_beam_0C_frbid.hdf5,1.0
59149.15783280139_DM_29.78_beam_0C_frbid.hdf5,1.0
59149.1629090288_DM_249.59_beam_0C_frbid.hdf5,1.0
59149.1629477381_DM_248.98_beam_0C_frbid.hdf5,1.0
59149.16297484269_DM_249.90_beam_0C_frbid.hdf5,1.0
59149.164229478396_DM_679.11_beam_0C_frbid.hdf5,1.0
59149.164688219_DM_677.15_beam_0C_frbid.hdf5,1.0
59149.1647188043_DM_678.45_beam_0C_frbid.hdf5,1.0
59149.170257877005_DM_203.54_beam_0C_frbid.hdf5,1.0
59149.1705803945_DM_202.01_beam_0C_frbid.hdf5,1.0
59149.170592723895_DM_203.85_beam_0C_frbid.hdf5,1.0
59149.1722513895_DM_440.47_beam_0C_frbid.hdf5,1.0
59149.178885055706_DM_577.39_beam_0C_frbid.hdf5,1.0
59149.179027150305_DM_559.14_beam_0C_frbid.hdf5,1.0
59149.1795388561_DM_566.31_beam_0C_frbid.hdf5,1.0
59149.1848037386_DM_111.44_beam_0C_frbid.hdf5,1.0
59149.1848131899_DM_111.75_beam_0C_frbid.hdf5,1.0
59149.1848195664_DM_111.75_beam_0C_frbid.hdf5,1.0
59149.18483217769_DM_112.06_beam_0C_frbid.hdf5,1.0
59149.1848479914_DM_111.75_beam_0C_frbid.hdf5,1.0
59149.1848607391_DM_111.75_beam_0I_frbid.hdf5,1.0
59149.184863803304_DM_111.75_beam_0C_frbid.hdf5,1.0
59149.1848891729_DM_112.06_beam_0C_frbid.hdf5,1.0
59149.184924029294_DM_111.75_beam_0C_frbid.hdf5,1.0
59149.1849302977_DM_112.06_beam_0C_frbid.hdf5,1.0
59149.18496507611_DM_112.06_beam_0C_frbid.hdf5,1.0
59149.184980902195_DM_112.06_beam_0C_frbid.hdf5,1.0
59149.1852562426_DM_111.75_beam_0I_frbid.hdf5,1.0
59149.1940670662_DM_145.82_beam_0C_frbid.hdf5,1.0
59149.194245255996_DM_145.21_beam_0C_frbid.hdf5,1.0
59149.1942504735_DM_146.13_beam_0C_frbid.hdf5,1.0
59149.194313354295_DM_146.13_beam_0C_frbid.hdf5,1.0
59149.1943395728_DM_146.13_beam_0C_frbid.hdf5,1.0
59149.197570897_DM_162.10_beam_0C_frbid.hdf5,1.0
59149.198889459_DM_162.10_beam_0C_frbid.hdf5,1.0
59149.2000505882_DM_97.93_beam_0I_frbid.hdf5,1.0
59149.200058109505_DM_97.63_beam_0I_frbid.hdf5,1.0
59149.2001256336_DM_101.92_beam_0C_frbid.hdf5,0.99999464
59149.2002485118_DM_97.93_beam_0C_frbid.hdf5,1.0
59149.2003086386_DM_98.24_beam_0I_frbid.hdf5,1.0
59149.2003913437_DM_97.93_beam_0I_frbid.hdf5,1.0
59149.200376302695_DM_97.63_beam_0I_frbid.hdf5,1.0
59149.2004214168_DM_97.93_beam_0I_frbid.hdf5,1.0
59149.2004464763_DM_97.63_beam_0I_frbid.hdf5,1.0
59149.204377569404_DM_93.94_beam_0C_frbid.hdf5,1.0
59149.204513287405_DM_93.94_beam_0C_frbid.hdf5,1.0
59149.2046187215_DM_97.93_beam_0C_frbid.hdf5,1.0
59149.2046187463_DM_96.70_beam_0C_frbid.hdf5,1.0
59149.2046188314_DM_92.10_beam_0C_frbid.hdf5,1.0
59149.204633771296_DM_97.63_beam_0C_frbid.hdf5,1.0
59149.2046337891_DM_96.70_beam_0C_frbid.hdf5,1.0
59149.2046337962_DM_96.09_beam_0C_frbid.hdf5,1.0
59149.204633806796_DM_95.48_beam_0C_frbid.hdf5,1.0
59149.2046488779_DM_95.48_beam_0C_frbid.hdf5,1.0
59149.204648885_DM_94.86_beam_0C_frbid.hdf5,1.0
59149.204648885_DM_97.32_beam_0C_frbid.hdf5,1.0
59149.20464895941_DM_91.79_beam_0C_frbid.hdf5,1.0
59149.204648984196_DM_90.26_beam_0C_frbid.hdf5,1.0
59149.204664144_DM_97.01_beam_0C_frbid.hdf5,1.0
59149.2046641458_DM_96.70_beam_0C_frbid.hdf5,1.0
59149.2046642539_DM_89.95_beam_0C_frbid.hdf5,1.0
59149.2046789883_DM_90.87_beam_0C_frbid.hdf5,1.0
59149.204678995404_DM_92.71_beam_0C_frbid.hdf5,1.0
59149.204678995404_DM_96.40_beam_0C_frbid.hdf5,1.0
59149.20478461731_DM_92.41_beam_0C_frbid.hdf5,1.0
59149.205387260095_DM_94.25_beam_0C_frbid.hdf5,1.0
59149.2054023596_DM_93.33_beam_0C_frbid.hdf5,1.0
59149.205628368_DM_94.25_beam_0C_frbid.hdf5,1.0
59149.20582432269_DM_94.25_beam_0C_frbid.hdf5,1.0
59149.2059899704_DM_93.94_beam_0C_frbid.hdf5,1.0
59149.2071291379_DM_298.71_beam_189C_frbid.hdf5,1.0
59149.2071561362_DM_298.40_beam_6C_frbid.hdf5,1.0
59149.2071561362_DM_298.71_beam_94C_frbid.hdf5,1.0
59149.2071651268_DM_298.10_beam_227C_frbid.hdf5,0.99998784
59149.2071741067_DM_298.10_beam_224C_frbid.hdf5,1.0
59149.2071786029_DM_298.10_beam_165C_frbid.hdf5,1.0
59149.2071920949_DM_298.10_beam_68C_frbid.hdf5,1.0
59149.2082486669_DM_100.70_beam_0C_frbid.hdf5,1.0
59149.208269366696_DM_100.70_beam_0C_frbid.hdf5,1.0
59149.2082900594_DM_100.70_beam_0C_frbid.hdf5,1.0
59149.2083225924_DM_100.70_beam_0C_frbid.hdf5,1.0
59149.2083906091_DM_100.39_beam_0C_frbid.hdf5,1.0
59149.2083965213_DM_100.70_beam_0C_frbid.hdf5,1.0
59149.2084290472_DM_100.70_beam_0C_frbid.hdf5,1.0
59149.2084349736_DM_100.70_beam_0C_frbid.hdf5,1.0
59149.2084438348_DM_100.39_beam_0C_frbid.hdf5,1.0
59149.208511847995_DM_100.70_beam_0C_frbid.hdf5,1.0
59149.208597617304_DM_100.70_beam_0C_frbid.hdf5,1.0
59149.2165579165_DM_506.98_beam_0C_frbid.hdf5,1.0
59149.2166571867_DM_505.67_beam_0C_frbid.hdf5,1.0
59149.2167167375_DM_506.33_beam_0C_frbid.hdf5,1.0
59149.2168887546_DM_506.98_beam_0C_frbid.hdf5,1.0
59149.2172262457_DM_505.02_beam_0C_frbid.hdf5,1.0
59149.22226601231_DM_91.79_beam_0C_frbid.hdf5,1.0
59149.2257128966_DM_288.58_beam_56C_frbid.hdf5,1.0
59149.2257184454_DM_287.66_beam_100C_frbid.hdf5,1.0
59149.2257184507_DM_287.35_beam_231C_frbid.hdf5,1.0
59149.2257184614_DM_287.05_beam_21C_frbid.hdf5,1.0
59149.2257239819_DM_288.89_beam_140C_frbid.hdf5,1.0
59149.2257239872_DM_286.74_beam_163C_frbid.hdf5,1.0
59149.2257405913_DM_286.43_beam_20C_frbid.hdf5,1.0
59149.2257516501_DM_287.05_beam_300C_frbid.hdf5,1.0
59149.225762682305_DM_289.19_beam_295C_frbid.hdf5,1.0
59149.225762712405_DM_287.97_beam_306C_frbid.hdf5,1.0
59149.2257682347_DM_287.97_beam_300C_frbid.hdf5,1.0
59149.225773772996_DM_287.05_beam_127C_frbid.hdf5,1.0
59149.225779309505_DM_287.35_beam_293C_frbid.hdf5,1.0
59149.225779313_DM_286.74_beam_231C_frbid.hdf5,1.0
59149.2257958976_DM_287.66_beam_52C_frbid.hdf5,1.0
59149.2258014181_DM_288.58_beam_366C_frbid.hdf5,1.0
59149.2258290846_DM_287.66_beam_336C_frbid.hdf5,1.0
59149.2258457046_DM_287.05_beam_126C_frbid.hdf5,1.0
59149.2258622715_DM_288.89_beam_242C_frbid.hdf5,1.0
59149.225862298095_DM_287.35_beam_76C_frbid.hdf5,1.0
59149.2258734667_DM_274.46_beam_140C_frbid.hdf5,1.0
59149.2259563686_DM_283.05_beam_99C_frbid.hdf5,1.0
59149.225995131_DM_280.60_beam_136C_frbid.hdf5,1.0
59149.22701002519_DM_207.84_beam_65C_frbid.hdf5,1.0
59149.2273812296_DM_208.76_beam_0I_frbid.hdf5,1.0
59149.2273874768_DM_208.76_beam_0I_frbid.hdf5,1.0
59149.2274628572_DM_210.60_beam_27C_frbid.hdf5,1.0
59149.227462878494_DM_206.30_beam_46C_frbid.hdf5,1.0
59149.2275257327_DM_209.37_beam_0I_frbid.hdf5,1.0
59149.2275383191_DM_208.45_beam_0I_frbid.hdf5,1.0
59149.227664022306_DM_209.07_beam_0I_frbid.hdf5,1.0
59149.228477273_DM_318.05_beam_0I_frbid.hdf5,1.0
59149.228507930995_DM_318.67_beam_0I_frbid.hdf5,1.0
59149.22854475099_DM_317.75_beam_0I_frbid.hdf5,1.0
59149.228569280596_DM_318.05_beam_0I_frbid.hdf5,1.0
59149.228839146504_DM_318.67_beam_341C_frbid.hdf5,1.0
59149.2326815266_DM_365.02_beam_0C_frbid.hdf5,1.0
59149.2329429213_DM_365.64_beam_0C_frbid.hdf5,1.0
59149.2332042912_DM_364.72_beam_0C_frbid.hdf5,1.0
59149.233356749806_DM_365.94_beam_0C_frbid.hdf5,1.0
59149.236706443895_DM_215.51_beam_0C_frbid.hdf5,1.0
59149.244360957404_DM_54.34_beam_0C_frbid.hdf5,1.0
59149.2443899937_DM_54.34_beam_0C_frbid.hdf5,1.0
59149.2444674229_DM_54.34_beam_0C_frbid.hdf5,1.0
59149.2446029176_DM_54.65_beam_0C_frbid.hdf5,1.0
59149.244644871906_DM_54.03_beam_0C_frbid.hdf5,1.0
59149.2446964759_DM_54.34_beam_0C_frbid.hdf5,1.0
59149.24578121059_DM_121.57_beam_0C_frbid.hdf5,1.0
59149.2458040743_DM_121.88_beam_0C_frbid.hdf5,1.0
59149.245909212405_DM_122.19_beam_0C_frbid.hdf5,1.0
59149.24591377941_DM_121.27_beam_0C_frbid.hdf5,1.0
59149.2459503691_DM_121.88_beam_0C_frbid.hdf5,1.0
59149.245982359804_DM_121.88_beam_0C_frbid.hdf5,1.0
59149.2504013965_DM_81.97_beam_0C_frbid.hdf5,1.0
59149.250421288205_DM_82.89_beam_258C_frbid.hdf5,1.0
59149.250421293495_DM_83.20_beam_142C_frbid.hdf5,1.0
59149.2504476148_DM_82.58_beam_239C_frbid.hdf5,1.0
59149.2504476183_DM_82.28_beam_220C_frbid.hdf5,1.0
59149.2504476183_DM_82.28_beam_273C_frbid.hdf5,1.0
59149.250447621904_DM_82.28_beam_201C_frbid.hdf5,1.0
59149.2504673965_DM_81.97_beam_80C_frbid.hdf5,1.0
59149.2504673983_DM_82.28_beam_201C_frbid.hdf5,1.0
59149.250606067195_DM_82.28_beam_234C_frbid.hdf5,1.0
59149.2506060689_DM_82.28_beam_114C_frbid.hdf5,1.0
59149.2506060689_DM_82.28_beam_133C_frbid.hdf5,1.0
59149.2506060689_DM_82.28_beam_348C_frbid.hdf5,1.0
59149.2506060707_DM_82.28_beam_168C_frbid.hdf5,1.0
59149.2506060742_DM_81.97_beam_126C_frbid.hdf5,1.0
59149.2506060742_DM_81.97_beam_195C_frbid.hdf5,1.0
59149.250606076_DM_81.97_beam_112C_frbid.hdf5,1.0
59149.250606076_DM_81.97_beam_131C_frbid.hdf5,1.0
59149.2506060778_DM_81.97_beam_307C_frbid.hdf5,1.0
59149.2506060778_DM_81.97_beam_88C_frbid.hdf5,1.0
59149.2506126404_DM_81.97_beam_133C_frbid.hdf5,1.0
59149.2535330412_DM_349.67_beam_0C_frbid.hdf5,1.0
59149.250678631506_DM_81.97_beam_0C_frbid.hdf5,1.0
59149.253420011395_DM_349.98_beam_0C_frbid.hdf5,1.0
59149.25350433269_DM_350.29_beam_0C_frbid.hdf5,1.0
59149.253590447595_DM_349.98_beam_0C_frbid.hdf5,1.0
