transientid,ML_PROB_FRB
59049.5164386894_DM_42.98_beam_149C_frbid.hdf5,1.0
59049.532366364_DM_114.20_beam_666C_frbid.hdf5,0.012897906
59049.5356864285_DM_279.06_beam_477C_frbid.hdf5,0.005969365
59049.5358192543_DM_282.75_beam_19C_frbid.hdf5,0.04406417
59049.5379203981_DM_420.45_beam_0I_frbid.hdf5,0.008346475
59049.5396622487_DM_316.21_beam_169C_frbid.hdf5,0.043942083
59049.5404247759_DM_115.12_beam_246C_frbid.hdf5,0.0459574
59049.540445472194_DM_373.62_beam_340C_frbid.hdf5,0.07676821
59049.540595097_DM_424.36_beam_489C_frbid.hdf5,0.026018938
59049.5437690935_DM_574.98_beam_106C_frbid.hdf5,0.11062041
59049.5493917204_DM_44.82_beam_55C_frbid.hdf5,1.0
59049.5517623438_DM_44.21_beam_55C_frbid.hdf5,1.0
59049.5569014028_DM_48.81_beam_0C_frbid.hdf5,1.0
59049.557573062004_DM_49.12_beam_0C_frbid.hdf5,1.0
59049.56557632_DM_48.51_beam_0C_frbid.hdf5,1.0
59049.5659402529_DM_46.97_beam_0C_frbid.hdf5,1.0
59049.56669577269_DM_47.89_beam_0C_frbid.hdf5,1.0
59049.567731233605_DM_49.43_beam_0C_frbid.hdf5,1.0
59049.5678711483_DM_48.20_beam_0C_frbid.hdf5,1.0
59049.568570537696_DM_49.12_beam_0C_frbid.hdf5,1.0
59049.570809449404_DM_50.35_beam_0C_frbid.hdf5,1.0
59049.5712292238_DM_49.43_beam_0C_frbid.hdf5,1.0
59049.5724043886_DM_49.12_beam_0C_frbid.hdf5,1.0
59049.5726002245_DM_48.81_beam_0C_frbid.hdf5,1.0
59049.5730481562_DM_49.12_beam_0C_frbid.hdf5,1.0
59049.5733837298_DM_48.81_beam_0C_frbid.hdf5,1.0
59049.573495893_DM_49.12_beam_0C_frbid.hdf5,1.0
59049.57412460019_DM_49.12_beam_0C_frbid.hdf5,1.0
59049.574376531105_DM_49.12_beam_0C_frbid.hdf5,1.0
59050.6564272948_DM_46.05_beam_0I_frbid.hdf5,1.0
59050.657174993095_DM_46.05_beam_192C_frbid.hdf5,1.0
59050.657219912995_DM_47.59_beam_209C_frbid.hdf5,1.0
59050.65721996321_DM_46.36_beam_0I_frbid.hdf5,1.0
59050.6572290208_DM_46.05_beam_373C_frbid.hdf5,1.0
59050.65733707901_DM_46.05_beam_301C_frbid.hdf5,1.0
59050.657337132005_DM_46.36_beam_0I_frbid.hdf5,1.0
59050.65739115691_DM_46.36_beam_266C_frbid.hdf5,1.0
59050.6573911625_DM_46.66_beam_178C_frbid.hdf5,1.0
59050.6575983161_DM_46.36_beam_208C_frbid.hdf5,1.0
59050.6576162835_DM_47.89_beam_257C_frbid.hdf5,1.0
59050.6576163142_DM_46.66_beam_255C_frbid.hdf5,1.0
59050.657616319804_DM_46.66_beam_220C_frbid.hdf5,1.0
59050.657616325305_DM_46.66_beam_379C_frbid.hdf5,1.0
59050.6576163281_DM_46.36_beam_77C_frbid.hdf5,1.0
59050.6576163449_DM_46.05_beam_336C_frbid.hdf5,1.0
59050.6576163532_DM_46.05_beam_184C_frbid.hdf5,1.0
59050.657616358796_DM_46.36_beam_307C_frbid.hdf5,1.0
59050.657616361605_DM_46.05_beam_195C_frbid.hdf5,1.0
59050.657616364406_DM_46.05_beam_173C_frbid.hdf5,1.0
59050.657616364406_DM_46.05_beam_208C_frbid.hdf5,1.0
59050.6576163672_DM_45.74_beam_347C_frbid.hdf5,1.0
59050.657616381104_DM_45.44_beam_93C_frbid.hdf5,1.0
59050.657652396796_DM_46.36_beam_219C_frbid.hdf5,1.0
59050.657652408_DM_46.05_beam_239C_frbid.hdf5,1.0
59050.6576614014_DM_46.36_beam_211C_frbid.hdf5,1.0
59050.657661412595_DM_46.05_beam_306C_frbid.hdf5,1.0
59050.6576703977_DM_46.36_beam_136C_frbid.hdf5,1.0
59050.65767042_DM_46.36_beam_306C_frbid.hdf5,1.0
59050.657670436696_DM_46.36_beam_273C_frbid.hdf5,1.0
59050.657670472996_DM_44.52_beam_274C_frbid.hdf5,1.0
59050.657688432_DM_46.36_beam_77C_frbid.hdf5,1.0
59050.6576884488_DM_46.05_beam_192C_frbid.hdf5,1.0
59050.6576884878_DM_45.74_beam_310C_frbid.hdf5,1.0
59050.657697322305_DM_47.89_beam_228C_frbid.hdf5,1.0
59050.657697419905_DM_46.05_beam_336C_frbid.hdf5,1.0
59050.6577064775_DM_46.36_beam_0I_frbid.hdf5,1.0
59050.6576974311_DM_46.36_beam_287C_frbid.hdf5,1.0
59050.657697439405_DM_45.74_beam_262C_frbid.hdf5,1.0
59050.657706399405_DM_47.89_beam_30C_frbid.hdf5,1.0
59050.657706474696_DM_46.66_beam_245C_frbid.hdf5,1.0
59050.6577064859_DM_45.74_beam_182C_frbid.hdf5,1.0
59050.6577064887_DM_46.05_beam_178C_frbid.hdf5,1.0
59050.6577154291_DM_46.66_beam_195C_frbid.hdf5,1.0
59050.657715440306_DM_46.36_beam_262C_frbid.hdf5,1.0
59050.6577154849_DM_45.74_beam_336C_frbid.hdf5,1.0
59050.6577244756_DM_46.05_beam_214C_frbid.hdf5,1.0
59050.668702394105_DM_60.48_beam_112C_frbid.hdf5,1.0
59050.6687024192_DM_60.48_beam_122C_frbid.hdf5,1.0
59050.668702422_DM_60.48_beam_13C_frbid.hdf5,1.0
59050.668702422_DM_60.48_beam_225C_frbid.hdf5,1.0
59050.668702422_DM_60.48_beam_46C_frbid.hdf5,1.0
59050.6687024248_DM_60.48_beam_0I_frbid.hdf5,1.0
59050.6687024248_DM_60.48_beam_107C_frbid.hdf5,1.0
59050.6687024248_DM_60.48_beam_192C_frbid.hdf5,1.0
59050.6687024248_DM_60.48_beam_196C_frbid.hdf5,1.0
59050.6687024248_DM_60.48_beam_298C_frbid.hdf5,1.0
59050.6687024248_DM_60.48_beam_336C_frbid.hdf5,1.0
59050.6687024248_DM_60.48_beam_34C_frbid.hdf5,1.0
59050.6687024248_DM_60.48_beam_364C_frbid.hdf5,1.0
59050.6687024248_DM_60.48_beam_365C_frbid.hdf5,1.0
59050.6687024248_DM_60.48_beam_4C_frbid.hdf5,1.0
59050.668702427596_DM_60.48_beam_353C_frbid.hdf5,1.0
59050.668702427596_DM_60.48_beam_367C_frbid.hdf5,1.0
59050.668702427596_DM_60.48_beam_49C_frbid.hdf5,0.9999968
59050.668702427596_DM_60.48_beam_65C_frbid.hdf5,1.0
59050.668702427596_DM_60.48_beam_90C_frbid.hdf5,1.0
59050.6687024304_DM_60.48_beam_207C_frbid.hdf5,1.0
59050.668702433206_DM_60.17_beam_304C_frbid.hdf5,1.0
59050.6687024416_DM_60.17_beam_361C_frbid.hdf5,1.0
59050.6688919568_DM_68.46_beam_58C_frbid.hdf5,1.0
59050.668891973495_DM_68.15_beam_89C_frbid.hdf5,1.0
59050.668891981906_DM_68.15_beam_145C_frbid.hdf5,1.0
59050.6764113686_DM_43.29_beam_280C_frbid.hdf5,1.0
59050.6781734822_DM_43.59_beam_280C_frbid.hdf5,1.0
59050.6795707902_DM_43.59_beam_280C_frbid.hdf5,1.0
59050.6799756187_DM_43.29_beam_280C_frbid.hdf5,1.0
59050.68628028849_DM_49.43_beam_371C_frbid.hdf5,1.0
59050.6869407323_DM_26.09_beam_95C_frbid.hdf5,1.0
59050.6871222637_DM_25.48_beam_207C_frbid.hdf5,1.0
59050.6871373197_DM_25.48_beam_106C_frbid.hdf5,1.0
59050.687159994406_DM_25.48_beam_184C_frbid.hdf5,0.9999999
59050.6871676074_DM_25.17_beam_184C_frbid.hdf5,0.9999999
59050.6873565036_DM_25.79_beam_262C_frbid.hdf5,1.0
59050.6873565482_DM_25.48_beam_265C_frbid.hdf5,1.0
59050.6873792257_DM_24.87_beam_16C_frbid.hdf5,1.0
59050.6874321658_DM_25.48_beam_352C_frbid.hdf5,0.99999964
59050.687530438605_DM_25.17_beam_190C_frbid.hdf5,1.0
59050.68756068731_DM_25.48_beam_380C_frbid.hdf5,1.0
59050.687590905305_DM_25.17_beam_378C_frbid.hdf5,1.0
59050.6876060171_DM_25.48_beam_21C_frbid.hdf5,1.0
59050.6876060283_DM_25.48_beam_328C_frbid.hdf5,0.9999994
59050.6876362352_DM_25.79_beam_355C_frbid.hdf5,0.99989605
59050.6876362686_DM_25.79_beam_361C_frbid.hdf5,1.0
59050.68777230001_DM_25.48_beam_319C_frbid.hdf5,0.99999964
59050.6878100837_DM_25.48_beam_187C_frbid.hdf5,0.99999964
59050.687832791795_DM_25.79_beam_214C_frbid.hdf5,0.9982628
59050.6878328058_DM_25.48_beam_220C_frbid.hdf5,1.0
59050.6878705672_DM_25.48_beam_255C_frbid.hdf5,1.0
59050.68790843731_DM_25.17_beam_230C_frbid.hdf5,1.0
59050.7051889392_DM_25.17_beam_376C_frbid.hdf5,1.0
59050.7052364553_DM_25.17_beam_257C_frbid.hdf5,1.0
59050.7054200391_DM_25.17_beam_107C_frbid.hdf5,0.9999999
59050.705791013206_DM_25.48_beam_29C_frbid.hdf5,1.0
59050.706218789695_DM_25.79_beam_3C_frbid.hdf5,1.0
59050.706218839805_DM_25.48_beam_329C_frbid.hdf5,1.0
59050.7135491378_DM_307.31_beam_318C_frbid.hdf5,0.015282166
59050.7184449875_DM_150.43_beam_116C_frbid.hdf5,0.003505212
59050.729155098896_DM_144.60_beam_340C_frbid.hdf5,0.99999964
59050.7292275234_DM_144.29_beam_0I_frbid.hdf5,1.0
59050.7293037238_DM_144.29_beam_0I_frbid.hdf5,0.9999974
59050.7312270396_DM_170.69_beam_49C_frbid.hdf5,0.9999994
59050.73123698401_DM_170.69_beam_49C_frbid.hdf5,1.0
59050.7313669919_DM_171.31_beam_330C_frbid.hdf5,0.99999976
59050.731382109196_DM_265.25_beam_253C_frbid.hdf5,1.0
59050.7313970537_DM_171.00_beam_335C_frbid.hdf5,0.99998975
59050.7314170457_DM_170.69_beam_322C_frbid.hdf5,0.9999981
59050.7314170569_DM_170.69_beam_346C_frbid.hdf5,1.0
59050.731417073606_DM_170.08_beam_269C_frbid.hdf5,1.0
59050.7314970833_DM_170.69_beam_24C_frbid.hdf5,1.0
59050.7315571206_DM_170.69_beam_335C_frbid.hdf5,0.9999999
59050.731557129_DM_170.69_beam_57C_frbid.hdf5,1.0
59050.7316271358_DM_171.00_beam_57C_frbid.hdf5,1.0
59050.7316371248_DM_171.00_beam_57C_frbid.hdf5,1.0
59050.7316471054_DM_171.61_beam_273C_frbid.hdf5,1.0
59050.73164712769_DM_170.69_beam_297C_frbid.hdf5,0.99999976
59050.7317071567_DM_171.00_beam_322C_frbid.hdf5,0.99999976
59050.7317071567_DM_171.00_beam_86C_frbid.hdf5,1.0
59050.731717168_DM_170.69_beam_109C_frbid.hdf5,0.9999988
59050.731717184695_DM_169.46_beam_375C_frbid.hdf5,1.0
59050.7317272212_DM_170.69_beam_363C_frbid.hdf5,1.0
59050.73174716019_DM_171.31_beam_29C_frbid.hdf5,1.0
59050.731747188_DM_170.38_beam_330C_frbid.hdf5,1.0
59050.731877195896_DM_172.23_beam_359C_frbid.hdf5,1.0
59050.7318772293_DM_170.38_beam_315C_frbid.hdf5,0.9999999
59050.7318772349_DM_170.38_beam_29C_frbid.hdf5,1.0
59050.732007337596_DM_171.31_beam_57C_frbid.hdf5,1.0
59050.7320073655_DM_171.00_beam_92C_frbid.hdf5,1.0
59050.732027329504_DM_169.46_beam_234C_frbid.hdf5,1.0
59050.7322373917_DM_171.00_beam_364C_frbid.hdf5,0.9999995
59050.7322374029_DM_170.69_beam_170C_frbid.hdf5,1.0
59050.73224716599_DM_263.10_beam_253C_frbid.hdf5,1.0
59050.7322974123_DM_170.69_beam_211C_frbid.hdf5,0.9999944
59050.732317420996_DM_171.00_beam_232C_frbid.hdf5,1.0
59050.7323174238_DM_170.69_beam_211C_frbid.hdf5,1.0
59050.732317437694_DM_170.38_beam_90C_frbid.hdf5,1.0
59050.7323974586_DM_171.61_beam_188C_frbid.hdf5,1.0
59050.7324174618_DM_170.69_beam_225C_frbid.hdf5,1.0
59050.732417467305_DM_170.69_beam_220C_frbid.hdf5,0.99999917
59050.732477513_DM_170.38_beam_357C_frbid.hdf5,1.0
59050.7324990694_DM_264.33_beam_253C_frbid.hdf5,1.0
59050.732517522_DM_170.69_beam_363C_frbid.hdf5,0.9999989
59050.732527502696_DM_170.38_beam_49C_frbid.hdf5,1.0
59050.732574846_DM_263.71_beam_253C_frbid.hdf5,0.99999213
59050.7326075013_DM_171.00_beam_54C_frbid.hdf5,0.9998398
59050.7492445929_DM_1080.78_beam_64C_frbid.hdf5,0.9867828
59050.7579537686_DM_748.41_beam_89C_frbid.hdf5,0.957338
59050.7621987304_DM_377.61_beam_8C_frbid.hdf5,0.70883
59050.765850531796_DM_380.68_beam_44C_frbid.hdf5,0.95391595
59050.7938521746_DM_483.70_beam_193C_frbid.hdf5,1.0
59050.7944053074_DM_479.13_beam_266C_frbid.hdf5,1.0
59050.7944421458_DM_483.04_beam_362C_frbid.hdf5,1.0
59050.794573826795_DM_485.00_beam_50C_frbid.hdf5,1.0
59050.7948214105_DM_479.13_beam_281C_frbid.hdf5,1.0
59050.7948424538_DM_482.39_beam_326C_frbid.hdf5,1.0
59050.794895182_DM_478.48_beam_125C_frbid.hdf5,1.0
59050.7949109603_DM_481.74_beam_326C_frbid.hdf5,1.0
59050.7949425504_DM_482.39_beam_207C_frbid.hdf5,1.0
59050.794947793096_DM_483.70_beam_334C_frbid.hdf5,1.0
59050.7950532941_DM_477.18_beam_288C_frbid.hdf5,1.0
59050.7951216611_DM_480.44_beam_15C_frbid.hdf5,1.0
59050.7963384477_DM_479.78_beam_383C_frbid.hdf5,1.0
59050.7965017745_DM_479.13_beam_208C_frbid.hdf5,1.0
59050.7965017969_DM_477.83_beam_383C_frbid.hdf5,1.0
59050.7968388467_DM_479.13_beam_148C_frbid.hdf5,1.0
59050.7973919405_DM_479.78_beam_367C_frbid.hdf5,1.0
59050.797391962806_DM_479.13_beam_355C_frbid.hdf5,1.0
59050.797439387_DM_477.18_beam_355C_frbid.hdf5,1.0
59050.7974814513_DM_481.74_beam_157C_frbid.hdf5,1.0
59050.7980135185_DM_477.83_beam_229C_frbid.hdf5,1.0
59050.7981399233_DM_478.48_beam_229C_frbid.hdf5,1.0
59050.7982505499_DM_479.78_beam_205C_frbid.hdf5,1.0
59050.79829794059_DM_479.78_beam_205C_frbid.hdf5,1.0
59050.798361159694_DM_480.44_beam_345C_frbid.hdf5,1.0
59050.7988813918_DM_474.57_beam_228C_frbid.hdf5,1.0
59050.7989180349_DM_479.13_beam_228C_frbid.hdf5,1.0
59050.7989405785_DM_479.78_beam_208C_frbid.hdf5,1.0
59050.799014361204_DM_477.83_beam_157C_frbid.hdf5,1.0
59050.7990880992_DM_478.48_beam_127C_frbid.hdf5,1.0
59050.799161842806_DM_477.18_beam_288C_frbid.hdf5,1.0
59050.7991881121_DM_483.04_beam_63C_frbid.hdf5,1.0
59050.7993830513_DM_478.48_beam_283C_frbid.hdf5,1.0
59053.6885803138_DM_451.75_beam_418C_frbid.hdf5,1.6293798e-05
59053.6985963997_DM_345.68_beam_169C_frbid.hdf5,0.017656997
59053.704524105095_DM_267.09_beam_499C_frbid.hdf5,0.37596607
59053.7046882676_DM_51.88_beam_432C_frbid.hdf5,0.61838454
59053.7047852304_DM_273.54_beam_163C_frbid.hdf5,0.98102057
59053.704799229294_DM_338.01_beam_181C_frbid.hdf5,0.29296696
59053.7048017654_DM_270.16_beam_153C_frbid.hdf5,0.28647363
59053.7049345876_DM_51.58_beam_665C_frbid.hdf5,0.5671453
59053.7050069233_DM_255.73_beam_745C_frbid.hdf5,0.5185972
59053.7052114716_DM_318.67_beam_640C_frbid.hdf5,0.026088951
59053.705264195705_DM_263.10_beam_673C_frbid.hdf5,0.61063313
59053.705774395_DM_334.63_beam_101C_frbid.hdf5,0.7013463
59053.7058737645_DM_272.31_beam_348C_frbid.hdf5,0.589337
59053.7059657154_DM_54.95_beam_507C_frbid.hdf5,0.88243186
59053.7060379448_DM_53.42_beam_27C_frbid.hdf5,0.99013746
59053.706076817005_DM_345.68_beam_578C_frbid.hdf5,0.99826765
59053.7061518944_DM_260.64_beam_176C_frbid.hdf5,0.9364376
59053.706219496504_DM_286.43_beam_376C_frbid.hdf5,0.9146514
59053.7283078999_DM_99.47_beam_0C_frbid.hdf5,1.0
59053.729341827806_DM_99.16_beam_0C_frbid.hdf5,1.0
59053.739606611394_DM_105.30_beam_0C_frbid.hdf5,1.0
59053.73966068059_DM_106.22_beam_0C_frbid.hdf5,1.0
59053.739964694105_DM_105.61_beam_0C_frbid.hdf5,1.0
59053.7427688267_DM_106.53_beam_0C_frbid.hdf5,1.0
59053.744140507995_DM_106.22_beam_0C_frbid.hdf5,1.0
59053.7451877359_DM_106.53_beam_0C_frbid.hdf5,1.0
59053.7452688212_DM_105.92_beam_0C_frbid.hdf5,1.0
59053.745545921396_DM_106.22_beam_0C_frbid.hdf5,1.0
59053.746025602806_DM_106.84_beam_0C_frbid.hdf5,1.0
59053.7460391232_DM_106.53_beam_0C_frbid.hdf5,1.0
59053.74618783889_DM_106.22_beam_0C_frbid.hdf5,1.0
59053.7464513283_DM_106.22_beam_0C_frbid.hdf5,1.0
59053.7472824004_DM_106.22_beam_0C_frbid.hdf5,1.0
59053.747424335495_DM_105.92_beam_0C_frbid.hdf5,1.0
59053.7490324459_DM_106.22_beam_0C_frbid.hdf5,1.0
59053.7493770242_DM_106.22_beam_0C_frbid.hdf5,1.0
59053.7560090795_DM_109.29_beam_177C_frbid.hdf5,0.004759756
59053.772927984406_DM_280.60_beam_41C_frbid.hdf5,0.09248939
59053.789459322805_DM_246.83_beam_108C_frbid.hdf5,0.9867633
59057.8782639112_DM_69.08_beam_469C_frbid.hdf5,0.65105975
59057.878378401394_DM_67.23_beam_262C_frbid.hdf5,0.37485066
59057.8784275491_DM_71.84_beam_152C_frbid.hdf5,0.9526816
59057.8784416845_DM_67.54_beam_196C_frbid.hdf5,0.11372065
59057.878694661_DM_70.61_beam_468C_frbid.hdf5,0.0652591
59057.878741533204_DM_70.61_beam_534C_frbid.hdf5,0.02146953
59057.8787827484_DM_69.38_beam_679C_frbid.hdf5,0.9999696
59057.878817746605_DM_68.46_beam_282C_frbid.hdf5,0.9065015
59057.8788383329_DM_69.38_beam_393C_frbid.hdf5,0.01651461
59057.8789461099_DM_67.85_beam_694C_frbid.hdf5,0.054416906
59057.8789497394_DM_73.37_beam_365C_frbid.hdf5,0.6421038
59057.8790570592_DM_68.15_beam_260C_frbid.hdf5,0.03921365
59057.879367186906_DM_68.77_beam_709C_frbid.hdf5,0.012143096
59057.879470278_DM_68.77_beam_218C_frbid.hdf5,0.33868018
59057.8794759173_DM_67.54_beam_577C_frbid.hdf5,0.7088648
59057.9082761675_DM_25.17_beam_130C_frbid.hdf5,0.0078370245
59057.9085518889_DM_26.40_beam_186C_frbid.hdf5,0.97036743
59057.9150658121_DM_26.09_beam_580C_frbid.hdf5,0.8112275
59057.9151750937_DM_26.40_beam_297C_frbid.hdf5,0.06806981
59057.9151751433_DM_26.40_beam_568C_frbid.hdf5,0.9820587
59057.915175185895_DM_25.79_beam_604C_frbid.hdf5,0.9940257
59057.9151949463_DM_25.17_beam_712C_frbid.hdf5,0.99295795
59057.915194957_DM_25.17_beam_523C_frbid.hdf5,0.9629427
59057.9153657795_DM_26.09_beam_711C_frbid.hdf5,0.93581814
59057.91642828481_DM_25.17_beam_151C_frbid.hdf5,0.9833304
59057.916428295495_DM_25.48_beam_403C_frbid.hdf5,0.9903814
59057.916428295495_DM_25.48_beam_58C_frbid.hdf5,0.9784207
59088.218265835_DM_452.40_beam_145C_frbid.hdf5,1.0
59088.218520831906_DM_449.79_beam_145C_frbid.hdf5,1.0
59088.218613312594_DM_127.10_beam_159C_frbid.hdf5,1.0
59088.218648383496_DM_448.49_beam_145C_frbid.hdf5,1.0
59088.2192855177_DM_449.79_beam_145C_frbid.hdf5,1.0
59088.219399587804_DM_128.63_beam_120C_frbid.hdf5,1.0
59088.2197733832_DM_128.94_beam_701C_frbid.hdf5,0.9999958
59088.223139058_DM_128.63_beam_436C_frbid.hdf5,0.99996305
59088.2231390598_DM_128.63_beam_180C_frbid.hdf5,1.0
59088.2231433557_DM_128.63_beam_159C_frbid.hdf5,1.0
59088.2235185955_DM_128.63_beam_60C_frbid.hdf5,0.9999987
59088.22351859901_DM_128.33_beam_29C_frbid.hdf5,0.9999875
59088.2236188458_DM_129.25_beam_263C_frbid.hdf5,0.9999999
59088.2236188493_DM_128.63_beam_96C_frbid.hdf5,0.99978024
59088.2236188511_DM_128.63_beam_441C_frbid.hdf5,0.99995756
59088.2240657017_DM_128.63_beam_0I_frbid.hdf5,1.0
59088.224179734694_DM_448.49_beam_145C_frbid.hdf5,1.0
59088.224266202196_DM_128.63_beam_29C_frbid.hdf5,0.9999931
59088.224587697005_DM_449.79_beam_145C_frbid.hdf5,1.0
59088.2248680299_DM_449.79_beam_145C_frbid.hdf5,1.0
59088.2249700648_DM_449.79_beam_145C_frbid.hdf5,1.0
59088.2250309943_DM_129.86_beam_263C_frbid.hdf5,0.99995065
59088.2250310014_DM_128.94_beam_50C_frbid.hdf5,1.0
59088.2250310032_DM_128.63_beam_594C_frbid.hdf5,0.99999
59088.2250310032_DM_128.63_beam_750C_frbid.hdf5,0.9998294
59088.225031005_DM_128.63_beam_554C_frbid.hdf5,1.0
59088.225031005_DM_128.63_beam_598C_frbid.hdf5,0.9999975
59088.2250975419_DM_448.49_beam_145C_frbid.hdf5,1.0
59088.225162776296_DM_127.10_beam_141C_frbid.hdf5,1.0
59088.225326026106_DM_128.63_beam_288C_frbid.hdf5,0.9999144
59088.225326026106_DM_128.63_beam_528C_frbid.hdf5,0.99999833
59088.2253260279_DM_128.63_beam_269C_frbid.hdf5,0.99993217
59088.2253260332_DM_128.63_beam_354C_frbid.hdf5,0.99854374
59088.2255866906_DM_128.63_beam_0I_frbid.hdf5,0.9999999
59088.2296581221_DM_27.94_beam_116C_frbid.hdf5,1.0
59088.229922260194_DM_27.94_beam_538C_frbid.hdf5,0.9999999
59088.2303957777_DM_27.02_beam_116C_frbid.hdf5,1.0
59088.232518982404_DM_27.32_beam_586C_frbid.hdf5,1.0
59088.2332684138_DM_27.94_beam_285C_frbid.hdf5,0.9449569
59088.2332871553_DM_27.02_beam_541C_frbid.hdf5,0.957009
59088.2332986039_DM_27.63_beam_464C_frbid.hdf5,0.27639383
59088.2332986181_DM_27.02_beam_313C_frbid.hdf5,0.99608934
59088.2337400421_DM_27.32_beam_137C_frbid.hdf5,1.0
59088.234098894005_DM_27.63_beam_193C_frbid.hdf5,1.0
59088.2340989046_DM_27.32_beam_45C_frbid.hdf5,1.0
59088.2341637048_DM_27.32_beam_289C_frbid.hdf5,1.0
59088.2341637066_DM_27.32_beam_187C_frbid.hdf5,1.0
59088.2341637083_DM_27.32_beam_207C_frbid.hdf5,1.0
59088.2341637083_DM_27.32_beam_701C_frbid.hdf5,1.0
59088.2341637154_DM_27.02_beam_43C_frbid.hdf5,1.0
59088.2343331752_DM_27.02_beam_212C_frbid.hdf5,1.0
59088.235354878205_DM_27.63_beam_407C_frbid.hdf5,1.0
59088.235354883494_DM_27.32_beam_650C_frbid.hdf5,1.0
59088.235354883494_DM_27.63_beam_691C_frbid.hdf5,0.9999671
59088.235354885306_DM_27.32_beam_289C_frbid.hdf5,1.0
59088.235354885306_DM_27.32_beam_634C_frbid.hdf5,1.0
59088.235354887_DM_27.32_beam_15C_frbid.hdf5,1.0
59088.235354887_DM_27.32_beam_280C_frbid.hdf5,1.0
59088.235354887_DM_27.32_beam_329C_frbid.hdf5,1.0
59088.235354887_DM_27.32_beam_436C_frbid.hdf5,1.0
59088.235354887_DM_27.32_beam_620C_frbid.hdf5,1.0
59088.235354887_DM_27.32_beam_638C_frbid.hdf5,1.0
59088.2353548888_DM_27.32_beam_137C_frbid.hdf5,1.0
59088.2353548888_DM_27.32_beam_18C_frbid.hdf5,1.0
59088.2353548959_DM_27.02_beam_721C_frbid.hdf5,1.0
59088.23556421151_DM_27.32_beam_37C_frbid.hdf5,1.0
59088.235788523896_DM_26.71_beam_202C_frbid.hdf5,1.0
59088.2366906238_DM_27.32_beam_0I_frbid.hdf5,1.0
59088.2366955789_DM_27.63_beam_58C_frbid.hdf5,0.99994266
59088.245360662404_DM_61.09_beam_399C_frbid.hdf5,0.8599462
59088.6424086947_DM_203.23_beam_43C_frbid.hdf5,1.0
59088.643124075_DM_203.54_beam_43C_frbid.hdf5,1.0
59088.6439587784_DM_202.93_beam_43C_frbid.hdf5,1.0
59088.643965014904_DM_203.23_beam_43C_frbid.hdf5,1.0
59088.6442348933_DM_202.31_beam_43C_frbid.hdf5,1.0
59088.646186571794_DM_202.93_beam_43C_frbid.hdf5,1.0
59088.64621796519_DM_202.62_beam_43C_frbid.hdf5,1.0
59088.647227724294_DM_126.18_beam_445C_frbid.hdf5,0.99983895
59088.650657966_DM_130.17_beam_538C_frbid.hdf5,1.0
59088.6521576632_DM_131.09_beam_538C_frbid.hdf5,1.0
59088.65287439401_DM_130.78_beam_538C_frbid.hdf5,1.0
59088.6530203326_DM_131.40_beam_538C_frbid.hdf5,1.0
59088.65317956651_DM_130.47_beam_538C_frbid.hdf5,1.0
59088.6533521383_DM_130.78_beam_540C_frbid.hdf5,1.0
59088.654174947595_DM_131.09_beam_715C_frbid.hdf5,1.0
59088.6544404042_DM_130.78_beam_715C_frbid.hdf5,1.0
59088.6544669559_DM_131.40_beam_715C_frbid.hdf5,1.0
59088.654493532405_DM_130.17_beam_715C_frbid.hdf5,1.0
59088.65493152_DM_130.17_beam_715C_frbid.hdf5,1.0
59088.655183676_DM_128.63_beam_715C_frbid.hdf5,1.0
59088.655289797694_DM_130.78_beam_715C_frbid.hdf5,1.0
59088.65563504941_DM_128.33_beam_715C_frbid.hdf5,1.0
59088.65574110731_DM_129.55_beam_715C_frbid.hdf5,1.0
59088.656842649696_DM_130.78_beam_715C_frbid.hdf5,1.0
59088.6571479285_DM_131.70_beam_715C_frbid.hdf5,1.0
59088.65737343179_DM_130.47_beam_0I_frbid.hdf5,1.0
59088.6576256976_DM_131.40_beam_715C_frbid.hdf5,1.0
59088.65816982651_DM_130.47_beam_715C_frbid.hdf5,1.0
59088.6657906804_DM_374.23_beam_430C_frbid.hdf5,0.5621313
59088.666329999294_DM_181.13_beam_134C_frbid.hdf5,1.0
59088.6681802898_DM_181.44_beam_134C_frbid.hdf5,1.0
59088.6681954105_DM_180.82_beam_0I_frbid.hdf5,1.0
59088.6690979747_DM_179.59_beam_134C_frbid.hdf5,1.0
59088.669842965595_DM_389.81_beam_254C_frbid.hdf5,7.429764e-06
59088.695047655594_DM_126.79_beam_182C_frbid.hdf5,0.01255668
59088.697542369504_DM_121.57_beam_182C_frbid.hdf5,0.03500944
59088.7003771381_DM_370.55_beam_233C_frbid.hdf5,1.0
59088.7004985667_DM_369.94_beam_233C_frbid.hdf5,1.0
59088.700547087_DM_370.24_beam_233C_frbid.hdf5,1.0
59088.7010447708_DM_370.55_beam_233C_frbid.hdf5,1.0
59088.701190441796_DM_369.94_beam_233C_frbid.hdf5,1.0
59088.702768525094_DM_369.63_beam_233C_frbid.hdf5,1.0
59088.703254046_DM_371.16_beam_233C_frbid.hdf5,1.0
59088.704334390706_DM_371.16_beam_233C_frbid.hdf5,1.0
59088.7043829624_DM_369.63_beam_233C_frbid.hdf5,1.0
59088.704965667595_DM_370.24_beam_233C_frbid.hdf5,1.0
59088.7051355987_DM_370.86_beam_233C_frbid.hdf5,1.0
59088.7061917151_DM_369.94_beam_233C_frbid.hdf5,1.0
59088.7062281187_DM_369.94_beam_233C_frbid.hdf5,1.0
59088.7079760174_DM_34.69_beam_146C_frbid.hdf5,0.044711415
59088.7239432221_DM_54.03_beam_689C_frbid.hdf5,0.99754494
59088.7239454091_DM_62.63_beam_564C_frbid.hdf5,0.40206498
59088.723947783896_DM_51.58_beam_569C_frbid.hdf5,0.91992766
59088.7239479788_DM_52.50_beam_189C_frbid.hdf5,0.93613327
59088.7239488649_DM_50.35_beam_272C_frbid.hdf5,0.02213807
59088.7277421717_DM_53.42_beam_7C_frbid.hdf5,0.9999894
59088.7281886182_DM_54.65_beam_7C_frbid.hdf5,1.0
59088.7283744269_DM_54.34_beam_7C_frbid.hdf5,1.0
59088.7985169324_DM_22.41_beam_357C_frbid.hdf5,0.9999894
59088.798672641395_DM_22.41_beam_9C_frbid.hdf5,0.9999987
59088.7990948455_DM_23.64_beam_168C_frbid.hdf5,0.9999865
59088.799098288895_DM_23.33_beam_349C_frbid.hdf5,0.9999819
59088.801527886506_DM_23.02_beam_99C_frbid.hdf5,1.0
59099.777598869696_DM_50.04_beam_205C_frbid.hdf5,0.08454167
59099.77762160401_DM_49.73_beam_582C_frbid.hdf5,0.17945842
59099.777640535096_DM_48.81_beam_595C_frbid.hdf5,0.003261549
59099.777649676296_DM_53.11_beam_583C_frbid.hdf5,0.9541506
59099.777661589294_DM_51.58_beam_405C_frbid.hdf5,0.0044394094
59099.7776619437_DM_38.38_beam_736C_frbid.hdf5,0.852394
59099.77787127889_DM_52.50_beam_661C_frbid.hdf5,0.9397859
59099.816186177595_DM_59.25_beam_0C_frbid.hdf5,1.0
59099.817559083494_DM_59.87_beam_0C_frbid.hdf5,1.0
59099.8182913089_DM_59.25_beam_0C_frbid.hdf5,1.0
59099.8373205114_DM_42.06_beam_382C_frbid.hdf5,0.99999905
59099.8374710295_DM_45.44_beam_168C_frbid.hdf5,0.26953566
59099.8400042222_DM_45.13_beam_202C_frbid.hdf5,0.9999995
59099.8441554154_DM_44.21_beam_0I_frbid.hdf5,1.0
59099.844155420804_DM_42.98_beam_713C_frbid.hdf5,0.9999999
59099.8442933595_DM_43.59_beam_92C_frbid.hdf5,0.99996483
59099.8464126297_DM_44.82_beam_735C_frbid.hdf5,1.0
59099.8466384077_DM_44.52_beam_0I_frbid.hdf5,1.0
59099.8467637387_DM_43.90_beam_0I_frbid.hdf5,1.0
59101.0755126687_DM_25.79_beam_81C_frbid.hdf5,0.022741696
59146.5444920536_DM_72.76_beam_0I_frbid.hdf5,1.0
59146.5462658825_DM_73.07_beam_373C_frbid.hdf5,1.0
59146.547267314694_DM_73.68_beam_89C_frbid.hdf5,0.00063084264
59146.5491329208_DM_73.07_beam_0I_frbid.hdf5,1.0
59146.5524116796_DM_515.45_beam_166C_frbid.hdf5,0.007812724
59146.5579701249_DM_245.60_beam_108C_frbid.hdf5,1.0
59146.557970135495_DM_244.99_beam_0I_frbid.hdf5,1.0
59146.5581727362_DM_244.68_beam_0I_frbid.hdf5,1.0
59146.558257116_DM_246.21_beam_173C_frbid.hdf5,1.0
59146.5588312241_DM_244.99_beam_0I_frbid.hdf5,1.0
59146.558966250996_DM_245.29_beam_0I_frbid.hdf5,1.0
59146.559177321105_DM_244.99_beam_169C_frbid.hdf5,1.0
59146.55917732821_DM_244.68_beam_356C_frbid.hdf5,1.0
59146.5592279629_DM_244.99_beam_54C_frbid.hdf5,1.0
59146.5595909547_DM_245.91_beam_70C_frbid.hdf5,1.0
59146.5601204856_DM_244.68_beam_108C_frbid.hdf5,1.0
59146.5607474808_DM_245.60_beam_0I_frbid.hdf5,1.0
59146.5626167278_DM_402.01_beam_0C_frbid.hdf5,1.0
59146.562669813495_DM_400.70_beam_0C_frbid.hdf5,1.0
59146.5628139958_DM_401.35_beam_0C_frbid.hdf5,1.0
59146.5628443223_DM_402.01_beam_0C_frbid.hdf5,1.0
59146.5630264022_DM_402.01_beam_0C_frbid.hdf5,1.0
59146.5630947008_DM_401.35_beam_0C_frbid.hdf5,1.0
59146.56340576059_DM_401.35_beam_0I_frbid.hdf5,1.0
59146.5654882734_DM_503.07_beam_0C_frbid.hdf5,1.0
59146.565550620704_DM_503.72_beam_0C_frbid.hdf5,1.0
59146.565620794296_DM_503.72_beam_0C_frbid.hdf5,1.0
59146.5656675531_DM_503.72_beam_0C_frbid.hdf5,1.0
59146.5657143296_DM_503.72_beam_0C_frbid.hdf5,1.0
59146.5657611096_DM_503.72_beam_0C_frbid.hdf5,1.0
59146.5658157088_DM_503.07_beam_0C_frbid.hdf5,1.0
59146.565862456904_DM_504.37_beam_0C_frbid.hdf5,1.0
59146.5659014249_DM_503.72_beam_0C_frbid.hdf5,1.0
59146.5659794034_DM_503.07_beam_0C_frbid.hdf5,1.0
59146.5660885485_DM_503.07_beam_0C_frbid.hdf5,1.0
59146.566135321504_DM_503.72_beam_0C_frbid.hdf5,1.0
59146.566197693704_DM_503.07_beam_0C_frbid.hdf5,1.0
59146.5663068246_DM_503.72_beam_0C_frbid.hdf5,1.0
59146.568483342_DM_177.14_beam_107C_frbid.hdf5,1.0
59146.5700993371_DM_178.67_beam_107C_frbid.hdf5,1.0
59146.5711882558_DM_177.75_beam_107C_frbid.hdf5,1.0
59146.571300512995_DM_179.29_beam_107C_frbid.hdf5,1.0
59146.5720610234_DM_177.14_beam_107C_frbid.hdf5,1.0
59146.58161738599_DM_137.84_beam_0C_frbid.hdf5,1.0
59146.581638897405_DM_138.46_beam_0C_frbid.hdf5,1.0
59146.581747681_DM_138.76_beam_0C_frbid.hdf5,1.0
59146.5817905621_DM_136.92_beam_0C_frbid.hdf5,1.0
59146.582433998396_DM_139.38_beam_0C_frbid.hdf5,1.0
59146.5853108326_DM_145.21_beam_183C_frbid.hdf5,0.011800981
59146.607837103_DM_201.70_beam_0C_frbid.hdf5,1.0
59146.62813919481_DM_124.33_beam_0C_frbid.hdf5,1.0
59146.629175224596_DM_125.56_beam_0C_frbid.hdf5,1.0
59146.630399838396_DM_119.73_beam_0C_frbid.hdf5,1.0
59146.6307450404_DM_125.26_beam_0C_frbid.hdf5,1.0
59146.631624117195_DM_124.33_beam_0C_frbid.hdf5,1.0
59146.6319695266_DM_124.95_beam_0C_frbid.hdf5,1.0
59146.6340754637_DM_283.98_beam_0C_frbid.hdf5,1.0
59146.6346516541_DM_283.67_beam_0C_frbid.hdf5,1.0
59146.634655421905_DM_283.98_beam_0C_frbid.hdf5,1.0
59146.6376732429_DM_97.01_beam_0C_frbid.hdf5,1.0
59146.6401527531_DM_145.21_beam_0C_frbid.hdf5,1.0
59146.64015880349_DM_144.90_beam_0C_frbid.hdf5,1.0
59146.6403036539_DM_145.82_beam_0C_frbid.hdf5,1.0
59146.6403519475_DM_144.60_beam_0C_frbid.hdf5,1.0
59146.640442489406_DM_144.90_beam_0C_frbid.hdf5,1.0
59146.640653731396_DM_145.21_beam_0C_frbid.hdf5,1.0
59146.649052104905_DM_105.30_beam_195C_frbid.hdf5,1.0
59146.6511875458_DM_241.92_beam_0C_frbid.hdf5,1.0
59146.651192244004_DM_242.53_beam_0C_frbid.hdf5,1.0
59146.6512718725_DM_241.92_beam_0C_frbid.hdf5,0.9999999
59146.6513327117_DM_241.30_beam_0C_frbid.hdf5,1.0
59146.6514123242_DM_242.22_beam_0C_frbid.hdf5,1.0
59146.6514357355_DM_241.92_beam_0C_frbid.hdf5,1.0
59146.6526833496_DM_61.40_beam_0C_frbid.hdf5,1.0
59146.653685065496_DM_236.08_beam_0C_frbid.hdf5,1.0
59146.6536980879_DM_237.31_beam_0C_frbid.hdf5,1.0
59146.6537600755_DM_237.00_beam_0C_frbid.hdf5,1.0
59146.6547734846_DM_94.86_beam_0C_frbid.hdf5,1.0
59146.654906406104_DM_94.56_beam_0C_frbid.hdf5,1.0
59146.6549717504_DM_94.86_beam_0C_frbid.hdf5,1.0
59146.6549830254_DM_94.56_beam_0C_frbid.hdf5,1.0
59146.6549897794_DM_94.56_beam_0C_frbid.hdf5,1.0
59146.6560460058_DM_90.56_beam_0C_frbid.hdf5,1.0
59146.6562227743_DM_90.56_beam_0C_frbid.hdf5,1.0
59146.656517325704_DM_90.26_beam_0I_frbid.hdf5,1.0
59146.657179937596_DM_92.41_beam_0C_frbid.hdf5,1.0
59146.65762174269_DM_89.95_beam_0C_frbid.hdf5,1.0
59146.6577983712_DM_92.10_beam_0C_frbid.hdf5,1.0
59146.6580341587_DM_90.56_beam_272C_frbid.hdf5,1.0
59146.658034162305_DM_90.87_beam_193C_frbid.hdf5,1.0
59146.6580341711_DM_90.56_beam_241C_frbid.hdf5,1.0
59146.658034174696_DM_90.56_beam_284C_frbid.hdf5,1.0
59146.6580341764_DM_90.56_beam_99C_frbid.hdf5,1.0
59146.6580341782_DM_89.95_beam_198C_frbid.hdf5,1.0
59146.6580341782_DM_90.26_beam_90C_frbid.hdf5,1.0
59146.660706630704_DM_155.34_beam_0C_frbid.hdf5,1.0
59146.6610962043_DM_153.81_beam_0C_frbid.hdf5,1.0
59146.666479436906_DM_176.83_beam_0C_frbid.hdf5,1.0
59146.6665800841_DM_176.83_beam_0C_frbid.hdf5,1.0
59146.6666069282_DM_177.14_beam_0C_frbid.hdf5,1.0
59146.6698355408_DM_98.24_beam_86C_frbid.hdf5,1.0
59146.6703743529_DM_99.16_beam_86C_frbid.hdf5,1.0
59146.6844602406_DM_177.45_beam_0C_frbid.hdf5,1.0
59146.68448173429_DM_176.83_beam_0C_frbid.hdf5,1.0
59146.684858085195_DM_176.83_beam_0C_frbid.hdf5,1.0
59146.6849652703_DM_177.14_beam_0C_frbid.hdf5,1.0
59146.685572627306_DM_176.83_beam_0C_frbid.hdf5,1.0
59146.6863782607_DM_176.83_beam_0C_frbid.hdf5,1.0
59146.6921322796_DM_59.25_beam_0C_frbid.hdf5,1.0
59146.6923384034_DM_59.56_beam_0C_frbid.hdf5,1.0
59146.6927857379_DM_58.64_beam_0C_frbid.hdf5,1.0
59146.7004116759_DM_35.00_beam_0C_frbid.hdf5,1.0
59146.7151709435_DM_59.87_beam_0C_frbid.hdf5,1.0
59146.71533633769_DM_59.25_beam_0C_frbid.hdf5,1.0
59146.7154619593_DM_59.87_beam_0C_frbid.hdf5,1.0
59149.0488475403_DM_43.90_beam_0C_frbid.hdf5,1.0
59149.0497231364_DM_44.52_beam_0C_frbid.hdf5,1.0
59149.051423904806_DM_44.52_beam_0C_frbid.hdf5,1.0
59149.0557952687_DM_38.38_beam_245C_frbid.hdf5,1.0
59149.0558206259_DM_41.45_beam_190C_frbid.hdf5,1.0
59149.0558206401_DM_41.75_beam_377C_frbid.hdf5,1.0
59149.0558206454_DM_40.52_beam_131C_frbid.hdf5,1.0
59149.05582064889_DM_40.22_beam_296C_frbid.hdf5,1.0
59149.0558206525_DM_39.91_beam_375C_frbid.hdf5,1.0
59149.055820655994_DM_39.91_beam_187C_frbid.hdf5,1.0
59149.055820657806_DM_39.91_beam_323C_frbid.hdf5,1.0
59149.055820659596_DM_39.91_beam_64C_frbid.hdf5,1.0
59149.0558460114_DM_40.83_beam_74C_frbid.hdf5,1.0
59149.0558460185_DM_40.83_beam_1C_frbid.hdf5,1.0
59149.055903247696_DM_40.52_beam_249C_frbid.hdf5,1.0
59149.055903258304_DM_39.91_beam_183C_frbid.hdf5,0.9999951
59149.0559032636_DM_39.91_beam_377C_frbid.hdf5,1.0
59149.0559032814_DM_38.68_beam_112C_frbid.hdf5,1.0
59149.0559032884_DM_38.68_beam_308C_frbid.hdf5,1.0
59149.0559349211_DM_41.75_beam_185C_frbid.hdf5,0.9999982
59149.055935008_DM_39.30_beam_336C_frbid.hdf5,1.0
59149.055935039905_DM_38.38_beam_362C_frbid.hdf5,1.0
59149.0559477167_DM_40.52_beam_92C_frbid.hdf5,1.0
59149.055947718494_DM_40.52_beam_89C_frbid.hdf5,1.0
59149.0559477309_DM_39.91_beam_379C_frbid.hdf5,1.0
59149.055947732595_DM_39.91_beam_14C_frbid.hdf5,1.0
59149.0559477415_DM_39.60_beam_230C_frbid.hdf5,1.0
59149.0559477468_DM_39.30_beam_146C_frbid.hdf5,1.0
59149.0559477557_DM_38.68_beam_83C_frbid.hdf5,1.0
59149.055954033_DM_39.91_beam_249C_frbid.hdf5,1.0
59149.0559540595_DM_39.60_beam_314C_frbid.hdf5,1.0
59149.0559921981_DM_41.75_beam_4C_frbid.hdf5,1.0
59149.0559922336_DM_40.52_beam_358C_frbid.hdf5,1.0
59149.055992240705_DM_40.22_beam_90C_frbid.hdf5,1.0
59149.0559922495_DM_40.22_beam_317C_frbid.hdf5,1.0
59149.0559922513_DM_39.91_beam_85C_frbid.hdf5,1.0
59149.0559922602_DM_39.60_beam_164C_frbid.hdf5,1.0
59149.05599226191_DM_39.60_beam_379C_frbid.hdf5,1.0
59149.05599226191_DM_39.91_beam_42C_frbid.hdf5,1.0
59149.055992263704_DM_39.60_beam_187C_frbid.hdf5,1.0
59149.055992290305_DM_38.38_beam_47C_frbid.hdf5,1.0
59149.056036619295_DM_40.83_beam_270C_frbid.hdf5,1.0
59149.056036637005_DM_40.52_beam_83C_frbid.hdf5,1.0
59149.0560366619_DM_39.91_beam_336C_frbid.hdf5,1.0
59149.056036668895_DM_39.60_beam_103C_frbid.hdf5,1.0
59149.05603669019_DM_38.07_beam_336C_frbid.hdf5,1.0
59149.0560620704_DM_40.22_beam_101C_frbid.hdf5,1.0
59149.05606207401_DM_40.52_beam_192C_frbid.hdf5,1.0
59149.0560620793_DM_39.91_beam_346C_frbid.hdf5,1.0
59149.056062082804_DM_40.22_beam_168C_frbid.hdf5,1.0
59149.0560620882_DM_39.60_beam_264C_frbid.hdf5,1.0
59149.056062089905_DM_39.60_beam_32C_frbid.hdf5,1.0
59149.0560620935_DM_39.91_beam_105C_frbid.hdf5,1.0
59149.056112894694_DM_41.14_beam_211C_frbid.hdf5,0.99991775
59149.0561510652_DM_38.38_beam_144C_frbid.hdf5,0.9999994
59149.056170040596_DM_39.91_beam_0I_frbid.hdf5,1.0
59149.0561827936_DM_40.22_beam_256C_frbid.hdf5,0.9999118
59149.0561827972_DM_40.52_beam_271C_frbid.hdf5,1.0
59149.056182813096_DM_39.60_beam_277C_frbid.hdf5,0.9999999
59149.0561953942_DM_39.30_beam_150C_frbid.hdf5,0.9999988
59149.0562207833_DM_41.14_beam_238C_frbid.hdf5,0.93985033
59149.056246255706_DM_40.83_beam_218C_frbid.hdf5,1.0
59149.0623794362_DM_80.43_beam_0C_frbid.hdf5,1.0
59149.0633726525_DM_71.84_beam_0C_frbid.hdf5,0.9999796
59149.0652239531_DM_70.61_beam_0C_frbid.hdf5,1.0
59149.0686945742_DM_83.81_beam_0C_frbid.hdf5,1.0
59149.0721757508_DM_138.76_beam_0C_frbid.hdf5,1.0
59149.072467666905_DM_138.46_beam_0C_frbid.hdf5,1.0
59149.072550256904_DM_138.46_beam_0C_frbid.hdf5,1.0
59149.0734540725_DM_89.95_beam_0C_frbid.hdf5,0.99997115
59149.07361446191_DM_86.57_beam_0C_frbid.hdf5,1.0
59149.073618481394_DM_86.57_beam_0C_frbid.hdf5,1.0
59149.0770766186_DM_149.20_beam_0C_frbid.hdf5,1.0
59149.0959791554_DM_27.32_beam_0I_frbid.hdf5,1.0
59149.09608378309_DM_28.55_beam_0I_frbid.hdf5,1.0
59149.1065889384_DM_33.46_beam_0I_frbid.hdf5,1.0
59149.1066855201_DM_34.08_beam_0C_frbid.hdf5,0.99999225
59149.1066932435_DM_33.46_beam_289C_frbid.hdf5,0.017175758
59149.106876765996_DM_181.13_beam_0C_frbid.hdf5,7.680152e-22
59149.1068767943_DM_180.21_beam_0C_frbid.hdf5,6.1046096e-22
59149.1068771062_DM_137.23_beam_0C_frbid.hdf5,1.767605e-23
59149.1068771488_DM_135.39_beam_0C_frbid.hdf5,8.034032e-23
59149.1068772338_DM_121.88_beam_0C_frbid.hdf5,2.0813024e-23
59149.106877269296_DM_34.38_beam_0C_frbid.hdf5,0.9922312
59149.106877297694_DM_76.75_beam_0C_frbid.hdf5,3.4374298e-07
59149.106877297694_DM_79.51_beam_0C_frbid.hdf5,1.819102e-07
59149.1068773047_DM_79.82_beam_0C_frbid.hdf5,1.96929e-08
59149.1068773047_DM_95.78_beam_0C_frbid.hdf5,1.10845035e-14
59149.1072172486_DM_132.93_beam_0I_frbid.hdf5,1.2035089e-08
59149.1075519962_DM_34.69_beam_0C_frbid.hdf5,1.0
59149.1102390004_DM_147.05_beam_0C_frbid.hdf5,1.0
59149.111041890304_DM_1307.94_beam_106C_frbid.hdf5,0.03597032
59149.1110638945_DM_1434.54_beam_116C_frbid.hdf5,3.4105012e-06
59149.1110646884_DM_1363.64_beam_116C_frbid.hdf5,2.7496841e-07
59149.1110648302_DM_1347.18_beam_116C_frbid.hdf5,5.075466e-05
59149.1110650854_DM_1196.53_beam_116C_frbid.hdf5,2.1457794e-05
59149.111065369005_DM_1112.97_beam_116C_frbid.hdf5,2.0615242e-05
59149.1110752651_DM_128.33_beam_342C_frbid.hdf5,1.680835e-05
59149.1110754353_DM_122.19_beam_342C_frbid.hdf5,9.811289e-06
59149.111077335096_DM_376.07_beam_342C_frbid.hdf5,2.6237065e-05
59149.1110774485_DM_136.92_beam_342C_frbid.hdf5,7.8813275e-07
59149.1110774485_DM_167.93_beam_342C_frbid.hdf5,3.9322958e-07
59149.1110774485_DM_181.44_beam_342C_frbid.hdf5,3.1374057e-07
59149.1110774485_DM_202.31_beam_342C_frbid.hdf5,2.0612653e-07
59149.1110774485_DM_207.53_beam_342C_frbid.hdf5,3.8479725e-06
59149.1110774485_DM_217.05_beam_342C_frbid.hdf5,5.5934624e-06
59149.1110774485_DM_222.88_beam_342C_frbid.hdf5,3.4302193e-06
59149.1110774485_DM_254.20_beam_342C_frbid.hdf5,5.1860807e-06
59149.1110774485_DM_258.49_beam_342C_frbid.hdf5,3.6798133e-07
59149.1110774485_DM_27.63_beam_342C_frbid.hdf5,2.4101857e-06
59149.1110774485_DM_300.55_beam_342C_frbid.hdf5,5.2376656e-08
59149.1110774485_DM_317.44_beam_342C_frbid.hdf5,6.1414465e-07
59149.1110774485_DM_55.87_beam_342C_frbid.hdf5,2.4613437e-06
59149.1110774485_DM_84.73_beam_342C_frbid.hdf5,1.9030931e-05
59149.1139716717_DM_380.37_beam_147C_frbid.hdf5,3.3046222e-11
59149.1143311491_DM_194.64_beam_0C_frbid.hdf5,1.0
59149.1163036945_DM_103.46_beam_229C_frbid.hdf5,1.0
59149.1163447502_DM_103.77_beam_207C_frbid.hdf5,1.0
59149.1163476283_DM_103.46_beam_121C_frbid.hdf5,0.99999666
59149.1164509712_DM_103.77_beam_0I_frbid.hdf5,1.0
59149.116491477405_DM_103.77_beam_0C_frbid.hdf5,1.0
59149.11649732941_DM_104.69_beam_207C_frbid.hdf5,1.0
59149.116511987595_DM_104.38_beam_144C_frbid.hdf5,1.0
59149.1165120159_DM_103.46_beam_121C_frbid.hdf5,1.0
59149.118363439_DM_55.26_beam_0C_frbid.hdf5,1.0
59149.1184745956_DM_54.03_beam_0C_frbid.hdf5,1.0
59149.1187736841_DM_55.26_beam_0C_frbid.hdf5,1.0
59149.1189472129_DM_52.80_beam_0C_frbid.hdf5,1.0
59149.1189628759_DM_57.10_beam_0C_frbid.hdf5,1.0
59149.118962893604_DM_56.18_beam_0C_frbid.hdf5,1.0
59149.1197516712_DM_54.65_beam_0C_frbid.hdf5,1.0
59149.121207419295_DM_153.19_beam_0C_frbid.hdf5,1.0
59149.1212334127_DM_153.50_beam_0C_frbid.hdf5,1.0
59149.121259305095_DM_154.11_beam_0C_frbid.hdf5,1.0
59149.121397468894_DM_155.03_beam_0C_frbid.hdf5,1.0
59149.1217430945_DM_152.89_beam_0C_frbid.hdf5,1.0
59149.121846639406_DM_153.50_beam_0C_frbid.hdf5,1.0
59149.1218726665_DM_153.81_beam_0C_frbid.hdf5,1.0
59149.121915747804_DM_153.50_beam_0C_frbid.hdf5,1.0
59149.1221145222_DM_153.50_beam_0C_frbid.hdf5,1.0
59149.1237298778_DM_417.65_beam_76C_frbid.hdf5,3.2175993e-09
59149.1242143513_DM_100.39_beam_342C_frbid.hdf5,1.0
59149.124230985595_DM_100.08_beam_0I_frbid.hdf5,1.0
59149.1253514998_DM_101.31_beam_284C_frbid.hdf5,1.0
59149.1293302346_DM_162.10_beam_0I_frbid.hdf5,1.0
59149.1294612243_DM_160.25_beam_0C_frbid.hdf5,1.0
59149.12997563981_DM_160.56_beam_0C_frbid.hdf5,1.0
59149.1300879005_DM_160.25_beam_0C_frbid.hdf5,1.0
59149.1302188619_DM_160.25_beam_0C_frbid.hdf5,1.0
59149.131176155_DM_26.71_beam_288C_frbid.hdf5,5.0172225e-06
59149.1312993114_DM_201.70_beam_0C_frbid.hdf5,1.0
59149.133508727005_DM_357.04_beam_262C_frbid.hdf5,1.4462029e-07
59149.133533036795_DM_94.25_beam_0C_frbid.hdf5,1.0
59149.1336028683_DM_92.41_beam_0C_frbid.hdf5,1.0
59149.1336570829_DM_90.87_beam_0C_frbid.hdf5,1.0
59149.1352106831_DM_158.41_beam_0C_frbid.hdf5,1.0
59149.1357298216_DM_157.49_beam_0C_frbid.hdf5,1.0
59149.1374260955_DM_49.73_beam_264C_frbid.hdf5,2.1909889e-08
59149.139157221296_DM_382.52_beam_0C_frbid.hdf5,1.0
59149.1392805301_DM_382.83_beam_0C_frbid.hdf5,1.0
59149.139344073796_DM_376.38_beam_300C_frbid.hdf5,2.643642e-06
59149.1393564688_DM_382.52_beam_0C_frbid.hdf5,1.0
59149.1395367942_DM_382.83_beam_0I_frbid.hdf5,1.0
59149.139536811905_DM_380.37_beam_139C_frbid.hdf5,0.9999999
59149.139612695595_DM_383.75_beam_0C_frbid.hdf5,1.0
59149.139773967596_DM_382.83_beam_0C_frbid.hdf5,1.0
59149.1447067678_DM_137.23_beam_0C_frbid.hdf5,1.0
59149.142364452004_DM_2009.32_beam_104C_frbid.hdf5,2.163409e-06
59149.145013937596_DM_136.62_beam_0C_frbid.hdf5,1.0
59149.1468482782_DM_307.92_beam_0C_frbid.hdf5,1.0
59149.1482068874_DM_2092.21_beam_113C_frbid.hdf5,7.199475e-07
59149.1482304759_DM_306.69_beam_0C_frbid.hdf5,1.0
59149.1483525903_DM_307.00_beam_0C_frbid.hdf5,1.0
59149.1485151897_DM_306.39_beam_0C_frbid.hdf5,1.0
59149.149888638494_DM_240.38_beam_0C_frbid.hdf5,1.0
59149.1499784555_DM_240.69_beam_0C_frbid.hdf5,1.0
59149.150016975196_DM_240.07_beam_0C_frbid.hdf5,1.0
59149.150076806_DM_240.69_beam_0C_frbid.hdf5,1.0
59149.1509003622_DM_116.66_beam_21C_frbid.hdf5,1.0
59149.150900365705_DM_116.97_beam_381C_frbid.hdf5,1.0
59149.1509003693_DM_116.66_beam_179C_frbid.hdf5,1.0
59149.150900372806_DM_116.35_beam_234C_frbid.hdf5,1.0
59149.150900372806_DM_116.35_beam_368C_frbid.hdf5,1.0
59149.150900372806_DM_116.35_beam_377C_frbid.hdf5,1.0
59149.1509003746_DM_116.35_beam_0I_frbid.hdf5,1.0
59149.1509003746_DM_116.35_beam_104C_frbid.hdf5,1.0
59149.1509003746_DM_116.35_beam_126C_frbid.hdf5,1.0
59149.1509003746_DM_116.35_beam_166C_frbid.hdf5,1.0
59149.1509003746_DM_116.35_beam_177C_frbid.hdf5,1.0
59149.1509003746_DM_116.35_beam_290C_frbid.hdf5,1.0
59149.1509003746_DM_116.35_beam_352C_frbid.hdf5,1.0
59149.1509003746_DM_116.35_beam_356C_frbid.hdf5,1.0
59149.1509003746_DM_116.35_beam_358C_frbid.hdf5,1.0
59149.1509003746_DM_116.35_beam_367C_frbid.hdf5,1.0
59149.1509003746_DM_116.35_beam_54C_frbid.hdf5,1.0
59149.1509003746_DM_116.35_beam_90C_frbid.hdf5,1.0
59149.1509003746_DM_116.35_beam_92C_frbid.hdf5,1.0
59149.1509003763_DM_116.35_beam_109C_frbid.hdf5,1.0
59149.1509003763_DM_116.35_beam_272C_frbid.hdf5,1.0
59149.150900378096_DM_116.05_beam_300C_frbid.hdf5,1.0
59149.150900378096_DM_116.05_beam_33C_frbid.hdf5,1.0
59149.1509003799_DM_116.05_beam_238C_frbid.hdf5,1.0
59149.1509026714_DM_116.35_beam_314C_frbid.hdf5,1.0
59149.1509026714_DM_116.66_beam_57C_frbid.hdf5,1.0
59149.1509026732_DM_116.35_beam_149C_frbid.hdf5,1.0
59149.1509026732_DM_116.35_beam_360C_frbid.hdf5,1.0
59149.1509026732_DM_116.35_beam_365C_frbid.hdf5,1.0
59149.150902674905_DM_116.35_beam_258C_frbid.hdf5,1.0
59149.150902674905_DM_116.35_beam_36C_frbid.hdf5,1.0
59149.150902674905_DM_116.35_beam_376C_frbid.hdf5,1.0
59149.150902674905_DM_116.35_beam_94C_frbid.hdf5,1.0
59149.1509026767_DM_116.35_beam_38C_frbid.hdf5,1.0
59149.1509026803_DM_116.05_beam_249C_frbid.hdf5,1.0
59149.1509141591_DM_116.35_beam_0C_frbid.hdf5,1.0
59149.150921061904_DM_116.35_beam_0C_frbid.hdf5,1.0
59149.150923388894_DM_116.35_beam_0C_frbid.hdf5,1.0
59149.1510060213_DM_116.35_beam_0C_frbid.hdf5,1.0
59149.151047371204_DM_116.35_beam_0C_frbid.hdf5,1.0
59149.1510657564_DM_116.35_beam_0C_frbid.hdf5,1.0
59149.1511254702_DM_116.35_beam_0C_frbid.hdf5,1.0
59149.1511254702_DM_116.35_beam_0I_frbid.hdf5,1.0
59149.151146145196_DM_116.66_beam_0C_frbid.hdf5,1.0
59149.1512426011_DM_116.66_beam_0C_frbid.hdf5,1.0
59149.1512426011_DM_116.66_beam_0I_frbid.hdf5,1.0
59149.1512633062_DM_116.35_beam_0C_frbid.hdf5,1.0
59149.151373543_DM_116.35_beam_0C_frbid.hdf5,1.0
59149.152166584805_DM_128.63_beam_79C_frbid.hdf5,1.0
59149.1522616583_DM_2461.48_beam_354C_frbid.hdf5,1.8084599e-08
59149.1522616725_DM_1795.80_beam_354C_frbid.hdf5,1.4977932e-06
59149.1522616725_DM_807.87_beam_354C_frbid.hdf5,3.5263853e-05
59149.1522645223_DM_3045.75_beam_278C_frbid.hdf5,7.148707e-09
59149.15227118941_DM_128.63_beam_79C_frbid.hdf5,1.0
59149.1522740179_DM_128.63_beam_79C_frbid.hdf5,1.0
59149.1524029005_DM_128.63_beam_79C_frbid.hdf5,1.0
59149.15242299769_DM_128.63_beam_79C_frbid.hdf5,1.0
59149.1524272634_DM_128.63_beam_79C_frbid.hdf5,1.0
59149.1524315434_DM_128.63_beam_79C_frbid.hdf5,1.0
59149.152577627305_DM_128.63_beam_79C_frbid.hdf5,1.0
59149.152669331794_DM_128.63_beam_79C_frbid.hdf5,0.99999297
59149.1527036672_DM_128.94_beam_79C_frbid.hdf5,1.0
59149.1527767419_DM_128.63_beam_79C_frbid.hdf5,1.0
59149.152793883_DM_128.94_beam_0I_frbid.hdf5,1.0
59149.152809677194_DM_128.63_beam_79C_frbid.hdf5,1.0
59149.1528268059_DM_128.63_beam_79C_frbid.hdf5,1.0
59149.1529070104_DM_128.63_beam_79C_frbid.hdf5,1.0
59149.1529141879_DM_128.63_beam_79C_frbid.hdf5,1.0
59149.1529156057_DM_128.63_beam_79C_frbid.hdf5,1.0
59149.1530244425_DM_128.94_beam_79C_frbid.hdf5,1.0
59149.1530315988_DM_128.33_beam_79C_frbid.hdf5,1.0
59149.153180564404_DM_128.63_beam_79C_frbid.hdf5,1.0
59149.153203463495_DM_128.63_beam_79C_frbid.hdf5,1.0
59149.1532206471_DM_128.63_beam_79C_frbid.hdf5,1.0
59149.1532922704_DM_128.94_beam_79C_frbid.hdf5,1.0
59149.153310894806_DM_128.94_beam_79C_frbid.hdf5,1.0
59149.1533653008_DM_128.94_beam_79C_frbid.hdf5,1.0
59149.1534440769_DM_128.63_beam_79C_frbid.hdf5,1.0
59149.153540006395_DM_128.33_beam_79C_frbid.hdf5,1.0
59149.153558646794_DM_128.94_beam_79C_frbid.hdf5,1.0
59149.1535787174_DM_128.63_beam_79C_frbid.hdf5,1.0
59149.1538121692_DM_128.63_beam_79C_frbid.hdf5,1.0
59149.1538135958_DM_128.33_beam_79C_frbid.hdf5,1.0
59149.1538178492_DM_128.63_beam_79C_frbid.hdf5,1.0
59149.1539267267_DM_128.94_beam_79C_frbid.hdf5,1.0
59149.1539295676_DM_128.63_beam_79C_frbid.hdf5,1.0
59149.1539467371_DM_128.63_beam_79C_frbid.hdf5,1.0
59149.1539825274_DM_128.63_beam_79C_frbid.hdf5,1.0
59149.1541100454_DM_128.94_beam_79C_frbid.hdf5,1.0
59149.1543995247_DM_448.30_beam_0C_frbid.hdf5,1.0
59149.154469515706_DM_128.63_beam_79C_frbid.hdf5,1.0
59149.1544795484_DM_128.63_beam_79C_frbid.hdf5,1.0
59149.1545539612_DM_128.63_beam_79C_frbid.hdf5,1.0
59149.1545778687_DM_448.95_beam_0C_frbid.hdf5,1.0
59149.1545782852_DM_128.63_beam_79C_frbid.hdf5,0.9999949
59149.1546012587_DM_128.63_beam_79C_frbid.hdf5,1.0
59149.154625568495_DM_128.63_beam_79C_frbid.hdf5,1.0
59149.1547215654_DM_128.63_beam_79C_frbid.hdf5,1.0
59149.1547773821_DM_128.63_beam_79C_frbid.hdf5,1.0
59149.15479513809_DM_1485.18_beam_176C_frbid.hdf5,0.00041298405
59149.1547974208_DM_128.63_beam_79C_frbid.hdf5,1.0
59149.1548303756_DM_128.63_beam_79C_frbid.hdf5,1.0
59149.154838956696_DM_128.63_beam_79C_frbid.hdf5,1.0
59149.1549420816_DM_128.63_beam_79C_frbid.hdf5,1.0
59149.15497219191_DM_128.63_beam_79C_frbid.hdf5,1.0
59149.1550110678_DM_450.91_beam_0C_frbid.hdf5,1.0
59149.155013736796_DM_128.33_beam_79C_frbid.hdf5,1.0
59149.1550551894_DM_382.83_beam_340C_frbid.hdf5,3.815043e-07
59149.1550738706_DM_128.63_beam_79C_frbid.hdf5,1.0
59149.15510396849_DM_128.63_beam_79C_frbid.hdf5,1.0
59149.1551397022_DM_128.63_beam_79C_frbid.hdf5,1.0
59149.1551497685_DM_128.63_beam_79C_frbid.hdf5,1.0
59149.1551898193_DM_448.95_beam_0C_frbid.hdf5,1.0
59149.155227066505_DM_128.94_beam_79C_frbid.hdf5,1.0
59149.1552457317_DM_128.63_beam_79C_frbid.hdf5,1.0
59149.1553015307_DM_128.63_beam_79C_frbid.hdf5,1.0
59149.1553287611_DM_128.63_beam_79C_frbid.hdf5,1.0
59149.155367420804_DM_128.63_beam_79C_frbid.hdf5,1.0
59149.155410397594_DM_128.63_beam_79C_frbid.hdf5,1.0
59149.15543934_DM_302.70_beam_272C_frbid.hdf5,1.1290939e-05
59149.1554401251_DM_27.32_beam_136C_frbid.hdf5,6.615477e-05
59149.1554777001_DM_128.63_beam_79C_frbid.hdf5,1.0
59149.1556194704_DM_128.63_beam_79C_frbid.hdf5,1.0
59149.1556741404_DM_448.95_beam_0C_frbid.hdf5,1.0
59149.1557082631_DM_128.63_beam_0I_frbid.hdf5,1.0
59149.1557082631_DM_128.63_beam_79C_frbid.hdf5,1.0
59149.155719718896_DM_128.63_beam_79C_frbid.hdf5,1.0
59149.1557684289_DM_128.63_beam_79C_frbid.hdf5,1.0
59149.1559546008_DM_128.94_beam_79C_frbid.hdf5,1.0
59149.1559703525_DM_128.63_beam_79C_frbid.hdf5,1.0
59149.1560505392_DM_128.63_beam_0I_frbid.hdf5,0.99999857
59149.1561073962_DM_450.25_beam_0C_frbid.hdf5,0.99999964
59149.1561106961_DM_128.63_beam_0I_frbid.hdf5,1.0
59149.1561379142_DM_128.63_beam_0I_frbid.hdf5,1.0
59149.1561583516_DM_449.60_beam_0C_frbid.hdf5,1.0
59149.1563149113_DM_297.79_beam_281C_frbid.hdf5,2.8742206e-09
59149.1563283767_DM_128.63_beam_79C_frbid.hdf5,1.0
59149.156332715196_DM_128.63_beam_79C_frbid.hdf5,1.0
59149.1563527255_DM_128.63_beam_79C_frbid.hdf5,1.0
59149.1565146196_DM_128.63_beam_79C_frbid.hdf5,1.0
59149.1565231476_DM_128.63_beam_0I_frbid.hdf5,0.9999995
59149.1566849779_DM_128.63_beam_0I_frbid.hdf5,1.0
59149.157787258395_DM_29.78_beam_0C_frbid.hdf5,1.0
59149.1578305312_DM_29.78_beam_0C_frbid.hdf5,1.0
59149.15783280139_DM_29.78_beam_0C_frbid.hdf5,1.0
59149.1601898638_DM_649.77_beam_351C_frbid.hdf5,2.08292e-05
59149.1601898638_DM_768.43_beam_351C_frbid.hdf5,0.0006772904
59149.1629090288_DM_249.59_beam_0C_frbid.hdf5,1.0
59149.1629477381_DM_248.98_beam_0C_frbid.hdf5,1.0
59149.16297484269_DM_249.90_beam_0C_frbid.hdf5,1.0
59149.164229478396_DM_679.11_beam_0C_frbid.hdf5,1.0
59149.164688219_DM_677.15_beam_0C_frbid.hdf5,1.0
59149.1647188043_DM_678.45_beam_0C_frbid.hdf5,1.0
59149.1663477584_DM_26.40_beam_98C_frbid.hdf5,0.0008865521
59149.1667292577_DM_649.11_beam_158C_frbid.hdf5,0.00044777698
59149.1667296263_DM_669.33_beam_270C_frbid.hdf5,5.801123e-06
59149.166729796394_DM_644.55_beam_270C_frbid.hdf5,1.0514062e-06
59149.1667303635_DM_567.61_beam_270C_frbid.hdf5,4.4949284e-06
59149.166732632_DM_45.44_beam_165C_frbid.hdf5,0.0003139018
59149.166732632_DM_86.27_beam_47C_frbid.hdf5,0.002049181
59149.166985622694_DM_260.64_beam_16C_frbid.hdf5,0.002573782
59149.1669861615_DM_248.36_beam_16C_frbid.hdf5,1.2388366e-05
59149.166986189804_DM_238.54_beam_16C_frbid.hdf5,0.00028274645
59149.16698636_DM_301.78_beam_16C_frbid.hdf5,0.00054280827
59149.1669865301_DM_172.23_beam_16C_frbid.hdf5,9.606063e-05
59149.1669865301_DM_201.70_beam_16C_frbid.hdf5,0.00010837895
59149.1669865301_DM_208.45_beam_16C_frbid.hdf5,0.004362175
59149.166986586795_DM_153.81_beam_16C_frbid.hdf5,2.6537064e-05
59149.166986586795_DM_202.62_beam_16C_frbid.hdf5,0.0012951017
59149.1669866435_DM_184.51_beam_16C_frbid.hdf5,1.1028831e-05
59149.1669866435_DM_53.73_beam_16C_frbid.hdf5,3.0583404e-05
59149.16698665769_DM_52.19_beam_16C_frbid.hdf5,2.0908192e-05
59149.1669867002_DM_143.68_beam_16C_frbid.hdf5,5.1332638e-05
59149.1669867002_DM_147.67_beam_16C_frbid.hdf5,3.1172913e-05
59149.1669867002_DM_59.25_beam_16C_frbid.hdf5,4.4074968e-05
59149.1669867002_DM_59.56_beam_16C_frbid.hdf5,1.4703506e-05
59149.1669867144_DM_35.30_beam_16C_frbid.hdf5,2.669586e-05
59149.16698675691_DM_190.95_beam_349C_frbid.hdf5,0.0029530688
59149.16698706889_DM_309.15_beam_217C_frbid.hdf5,0.0016170824
59149.170257877005_DM_203.54_beam_0C_frbid.hdf5,1.0
59149.1705803945_DM_202.01_beam_0C_frbid.hdf5,1.0
59149.170592723895_DM_203.85_beam_0C_frbid.hdf5,1.0
59149.1719079118_DM_333.71_beam_329C_frbid.hdf5,1.7179593e-05
59149.1721446262_DM_466.55_beam_328C_frbid.hdf5,9.8419754e-05
59149.1722513895_DM_440.47_beam_0C_frbid.hdf5,1.0
59149.172147064804_DM_240.69_beam_349C_frbid.hdf5,2.5617739e-05
59149.1721480573_DM_842.05_beam_232C_frbid.hdf5,0.0023362627
59149.1736486196_DM_1100.31_beam_348C_frbid.hdf5,3.4021283e-05
59149.1738919126_DM_1529.49_beam_377C_frbid.hdf5,2.518439e-07
59149.178885055706_DM_577.39_beam_0C_frbid.hdf5,1.0
59149.179027150305_DM_559.14_beam_0C_frbid.hdf5,1.0
59149.1795388561_DM_566.31_beam_0C_frbid.hdf5,1.0
59149.1848037386_DM_111.44_beam_0C_frbid.hdf5,1.0
59149.1848131899_DM_111.75_beam_0C_frbid.hdf5,1.0
59149.1848195664_DM_111.75_beam_0C_frbid.hdf5,1.0
59149.18483217769_DM_112.06_beam_0C_frbid.hdf5,1.0
59149.1848479914_DM_111.75_beam_0C_frbid.hdf5,1.0
59149.1848607391_DM_111.75_beam_0I_frbid.hdf5,1.0
59149.184863803304_DM_111.75_beam_0C_frbid.hdf5,1.0
59149.1848891729_DM_112.06_beam_0C_frbid.hdf5,1.0
59149.184924029294_DM_111.75_beam_0C_frbid.hdf5,1.0
59149.1849302977_DM_112.06_beam_0C_frbid.hdf5,1.0
59149.18496507611_DM_112.06_beam_0C_frbid.hdf5,1.0
59149.184980902195_DM_112.06_beam_0C_frbid.hdf5,1.0
59149.1852562426_DM_111.75_beam_0I_frbid.hdf5,1.0
59149.1899449233_DM_27.02_beam_221C_frbid.hdf5,1.5816303e-07
59149.1940670662_DM_145.82_beam_0C_frbid.hdf5,1.0
59149.194245255996_DM_145.21_beam_0C_frbid.hdf5,1.0
59149.1942504735_DM_146.13_beam_0C_frbid.hdf5,1.0
59149.194313354295_DM_146.13_beam_0C_frbid.hdf5,1.0
59149.1943395728_DM_146.13_beam_0C_frbid.hdf5,1.0
59149.197570897_DM_162.10_beam_0C_frbid.hdf5,1.0
59149.198889459_DM_162.10_beam_0C_frbid.hdf5,1.0
59149.2000505882_DM_97.93_beam_0I_frbid.hdf5,1.0
59149.200058109505_DM_97.63_beam_0I_frbid.hdf5,1.0
59149.2001256336_DM_101.92_beam_0C_frbid.hdf5,0.99999464
59149.2002485118_DM_97.93_beam_0C_frbid.hdf5,1.0
59149.2003086386_DM_98.24_beam_0I_frbid.hdf5,1.0
59149.2003913437_DM_97.93_beam_0I_frbid.hdf5,1.0
59149.200376302695_DM_97.63_beam_0I_frbid.hdf5,1.0
59149.2004214168_DM_97.93_beam_0I_frbid.hdf5,1.0
59149.2004464763_DM_97.63_beam_0I_frbid.hdf5,1.0
59149.2019298195_DM_314.37_beam_313C_frbid.hdf5,1.0124128e-08
59149.2042384379_DM_24.56_beam_140C_frbid.hdf5,7.0800473e-07
59149.204377569404_DM_93.94_beam_0C_frbid.hdf5,1.0
59149.204513287405_DM_93.94_beam_0C_frbid.hdf5,1.0
59149.2046187215_DM_97.93_beam_0C_frbid.hdf5,1.0
59149.2046187463_DM_96.70_beam_0C_frbid.hdf5,1.0
59149.2046188314_DM_92.10_beam_0C_frbid.hdf5,1.0
59149.204633771296_DM_97.63_beam_0C_frbid.hdf5,1.0
59149.2046337891_DM_96.70_beam_0C_frbid.hdf5,1.0
59149.2046337962_DM_96.09_beam_0C_frbid.hdf5,1.0
59149.204633806796_DM_95.48_beam_0C_frbid.hdf5,1.0
59149.2046488779_DM_95.48_beam_0C_frbid.hdf5,1.0
59149.204648885_DM_94.86_beam_0C_frbid.hdf5,1.0
59149.204648885_DM_97.32_beam_0C_frbid.hdf5,1.0
59149.20464895941_DM_91.79_beam_0C_frbid.hdf5,1.0
59149.204648984196_DM_90.26_beam_0C_frbid.hdf5,1.0
59149.204664144_DM_97.01_beam_0C_frbid.hdf5,1.0
59149.2046641458_DM_96.70_beam_0C_frbid.hdf5,1.0
59149.2046642539_DM_89.95_beam_0C_frbid.hdf5,1.0
59149.2046708005_DM_42.06_beam_373C_frbid.hdf5,1.9779525e-07
59149.2046708785_DM_35.92_beam_290C_frbid.hdf5,1.6278197e-08
59149.2046709529_DM_26.40_beam_39C_frbid.hdf5,9.696564e-07
59149.2046789883_DM_90.87_beam_0C_frbid.hdf5,1.0
59149.204678995404_DM_92.71_beam_0C_frbid.hdf5,1.0
59149.204678995404_DM_96.40_beam_0C_frbid.hdf5,1.0
59149.20478461731_DM_92.41_beam_0C_frbid.hdf5,1.0
59149.2052435953_DM_384.40_beam_177C_frbid.hdf5,6.917239e-06
59149.2053759887_DM_573.48_beam_309C_frbid.hdf5,1.0006374e-07
59149.205387260095_DM_94.25_beam_0C_frbid.hdf5,1.0
59149.2054023596_DM_93.33_beam_0C_frbid.hdf5,1.0
59149.205628368_DM_94.25_beam_0C_frbid.hdf5,1.0
59149.20582432269_DM_94.25_beam_0C_frbid.hdf5,1.0
59149.2059899704_DM_93.94_beam_0C_frbid.hdf5,1.0
59149.2071291379_DM_298.71_beam_189C_frbid.hdf5,1.0
59149.2071561362_DM_298.40_beam_6C_frbid.hdf5,1.0
59149.2071561362_DM_298.71_beam_94C_frbid.hdf5,1.0
59149.2071651268_DM_298.10_beam_227C_frbid.hdf5,0.99998784
59149.2071741067_DM_298.10_beam_224C_frbid.hdf5,1.0
59149.2071786029_DM_298.10_beam_165C_frbid.hdf5,1.0
59149.2071920949_DM_298.10_beam_68C_frbid.hdf5,1.0
59149.2082486669_DM_100.70_beam_0C_frbid.hdf5,1.0
59149.208269366696_DM_100.70_beam_0C_frbid.hdf5,1.0
59149.2082900594_DM_100.70_beam_0C_frbid.hdf5,1.0
59149.2083225924_DM_100.70_beam_0C_frbid.hdf5,1.0
59149.2083906091_DM_100.39_beam_0C_frbid.hdf5,1.0
59149.2083965213_DM_100.70_beam_0C_frbid.hdf5,1.0
59149.2084290472_DM_100.70_beam_0C_frbid.hdf5,1.0
59149.2084349736_DM_100.70_beam_0C_frbid.hdf5,1.0
59149.2084438348_DM_100.39_beam_0C_frbid.hdf5,1.0
59149.208511847995_DM_100.70_beam_0C_frbid.hdf5,1.0
59149.208597617304_DM_100.70_beam_0C_frbid.hdf5,1.0
59149.2106729965_DM_29.78_beam_268C_frbid.hdf5,1.4327458e-05
59149.2106730036_DM_27.02_beam_124C_frbid.hdf5,8.184272e-05
59149.2106730036_DM_27.32_beam_124C_frbid.hdf5,7.959046e-05
59149.2108547326_DM_673.24_beam_349C_frbid.hdf5,2.8602373e-05
59149.2165579165_DM_506.98_beam_0C_frbid.hdf5,1.0
59149.2166571867_DM_505.67_beam_0C_frbid.hdf5,1.0
59149.2167167375_DM_506.33_beam_0C_frbid.hdf5,1.0
59149.2168887546_DM_506.98_beam_0C_frbid.hdf5,1.0
59149.2169198787_DM_37.76_beam_127C_frbid.hdf5,2.4711233e-06
59149.2172262457_DM_505.02_beam_0C_frbid.hdf5,1.0
59149.2185038745_DM_163.02_beam_365C_frbid.hdf5,0.00020607439
59149.219596183495_DM_314.98_beam_326C_frbid.hdf5,4.4986123e-06
59149.22226601231_DM_91.79_beam_0C_frbid.hdf5,1.0
59149.22316967_DM_56.49_beam_143C_frbid.hdf5,9.501492e-09
59149.2257128966_DM_288.58_beam_56C_frbid.hdf5,1.0
59149.2257184454_DM_287.66_beam_100C_frbid.hdf5,1.0
59149.2257184507_DM_287.35_beam_231C_frbid.hdf5,1.0
59149.2257184614_DM_287.05_beam_21C_frbid.hdf5,1.0
59149.2257239819_DM_288.89_beam_140C_frbid.hdf5,1.0
59149.2257239872_DM_286.74_beam_163C_frbid.hdf5,1.0
59149.2257405913_DM_286.43_beam_20C_frbid.hdf5,1.0
59149.2257516501_DM_287.05_beam_300C_frbid.hdf5,1.0
59149.225762682305_DM_289.19_beam_295C_frbid.hdf5,1.0
59149.225762712405_DM_287.97_beam_306C_frbid.hdf5,1.0
59149.2257682347_DM_287.97_beam_300C_frbid.hdf5,1.0
59149.225773772996_DM_287.05_beam_127C_frbid.hdf5,1.0
59149.225779309505_DM_287.35_beam_293C_frbid.hdf5,1.0
59149.225779313_DM_286.74_beam_231C_frbid.hdf5,1.0
59149.2257958976_DM_287.66_beam_52C_frbid.hdf5,1.0
59149.2258014181_DM_288.58_beam_366C_frbid.hdf5,1.0
59149.2258290846_DM_287.66_beam_336C_frbid.hdf5,1.0
59149.2258457046_DM_287.05_beam_126C_frbid.hdf5,1.0
59149.2258622715_DM_288.89_beam_242C_frbid.hdf5,1.0
59149.225862298095_DM_287.35_beam_76C_frbid.hdf5,1.0
59149.2258734667_DM_274.46_beam_140C_frbid.hdf5,1.0
59149.2259563686_DM_283.05_beam_99C_frbid.hdf5,1.0
59149.225995131_DM_280.60_beam_136C_frbid.hdf5,1.0
59149.22701002519_DM_207.84_beam_65C_frbid.hdf5,1.0
59149.2273812296_DM_208.76_beam_0I_frbid.hdf5,1.0
59149.2273874768_DM_208.76_beam_0I_frbid.hdf5,1.0
59149.2274628572_DM_210.60_beam_27C_frbid.hdf5,1.0
59149.227462878494_DM_206.30_beam_46C_frbid.hdf5,1.0
59149.2275257327_DM_209.37_beam_0I_frbid.hdf5,1.0
59149.2275383191_DM_208.45_beam_0I_frbid.hdf5,1.0
59149.227664022306_DM_209.07_beam_0I_frbid.hdf5,1.0
59149.228477273_DM_318.05_beam_0I_frbid.hdf5,1.0
59149.228507930995_DM_318.67_beam_0I_frbid.hdf5,1.0
59149.22854475099_DM_317.75_beam_0I_frbid.hdf5,1.0
59149.228569280596_DM_318.05_beam_0I_frbid.hdf5,1.0
59149.228839146504_DM_318.67_beam_341C_frbid.hdf5,1.0
59149.2326815266_DM_365.02_beam_0C_frbid.hdf5,1.0
59149.2329429213_DM_365.64_beam_0C_frbid.hdf5,1.0
59149.2332042912_DM_364.72_beam_0C_frbid.hdf5,1.0
59149.233356749806_DM_365.94_beam_0C_frbid.hdf5,1.0
59149.2349556874_DM_348.44_beam_42C_frbid.hdf5,4.384904e-09
59149.234955971_DM_268.01_beam_42C_frbid.hdf5,4.9731557e-09
59149.234955999294_DM_204.77_beam_42C_frbid.hdf5,2.1431147e-08
59149.23495602769_DM_202.62_beam_42C_frbid.hdf5,3.3502843e-08
59149.23495602769_DM_203.85_beam_42C_frbid.hdf5,1.4987434e-07
59149.23495602769_DM_322.66_beam_42C_frbid.hdf5,1.0956935e-10
59149.2349560844_DM_218.58_beam_42C_frbid.hdf5,5.9840886e-08
59149.2349561128_DM_207.22_beam_42C_frbid.hdf5,4.173235e-08
59149.2349561411_DM_103.15_beam_42C_frbid.hdf5,8.877229e-10
59149.2349561411_DM_206.61_beam_42C_frbid.hdf5,4.8938627e-08
59149.2349561411_DM_211.83_beam_42C_frbid.hdf5,1.5542624e-09
59149.2349561411_DM_293.49_beam_42C_frbid.hdf5,1.2228146e-10
59149.2349561695_DM_66.62_beam_42C_frbid.hdf5,6.404015e-09
59149.235480327_DM_229.64_beam_304C_frbid.hdf5,2.731615e-05
59149.2354824111_DM_275.69_beam_304C_frbid.hdf5,4.5804225e-07
59149.236706443895_DM_215.51_beam_0C_frbid.hdf5,1.0
59149.2370852105_DM_97.32_beam_73C_frbid.hdf5,7.921542e-11
59149.2374588268_DM_24.87_beam_146C_frbid.hdf5,4.4523279e-07
59149.2387651802_DM_380.07_beam_232C_frbid.hdf5,0.00024475172
59149.239344489695_DM_382.52_beam_155C_frbid.hdf5,3.7584545e-07
59149.2432053347_DM_409.18_beam_262C_frbid.hdf5,4.6728775e-05
59149.244360957404_DM_54.34_beam_0C_frbid.hdf5,1.0
59149.2443899937_DM_54.34_beam_0C_frbid.hdf5,1.0
59149.2444674229_DM_54.34_beam_0C_frbid.hdf5,1.0
59149.2446029176_DM_54.65_beam_0C_frbid.hdf5,1.0
59149.244644871906_DM_54.03_beam_0C_frbid.hdf5,1.0
59149.2446964759_DM_54.34_beam_0C_frbid.hdf5,1.0
59149.24578121059_DM_121.57_beam_0C_frbid.hdf5,1.0
59149.2458040743_DM_121.88_beam_0C_frbid.hdf5,1.0
59149.245909212405_DM_122.19_beam_0C_frbid.hdf5,1.0
59149.24591377941_DM_121.27_beam_0C_frbid.hdf5,1.0
59149.2459503691_DM_121.88_beam_0C_frbid.hdf5,1.0
59149.245982359804_DM_121.88_beam_0C_frbid.hdf5,1.0
59149.2470872767_DM_152.27_beam_131C_frbid.hdf5,4.514165e-06
59149.247090764504_DM_1491.51_beam_93C_frbid.hdf5,1.2654598e-07
59149.247215842_DM_531.10_beam_169C_frbid.hdf5,0.011296549
59149.2504013965_DM_81.97_beam_0C_frbid.hdf5,1.0
59149.250421288205_DM_82.89_beam_258C_frbid.hdf5,1.0
59149.250421293495_DM_83.20_beam_142C_frbid.hdf5,1.0
59149.2504476148_DM_82.58_beam_239C_frbid.hdf5,1.0
59149.2504476183_DM_82.28_beam_220C_frbid.hdf5,1.0
59149.2504476183_DM_82.28_beam_273C_frbid.hdf5,1.0
59149.250447621904_DM_82.28_beam_201C_frbid.hdf5,1.0
59149.2504673965_DM_81.97_beam_80C_frbid.hdf5,1.0
59149.2504673983_DM_82.28_beam_201C_frbid.hdf5,1.0
59149.250606067195_DM_82.28_beam_234C_frbid.hdf5,1.0
59149.2506060689_DM_82.28_beam_114C_frbid.hdf5,1.0
59149.2506060689_DM_82.28_beam_133C_frbid.hdf5,1.0
59149.2506060689_DM_82.28_beam_348C_frbid.hdf5,1.0
59149.2506060707_DM_82.28_beam_168C_frbid.hdf5,1.0
59149.2506060742_DM_81.97_beam_126C_frbid.hdf5,1.0
59149.2506060742_DM_81.97_beam_195C_frbid.hdf5,1.0
59149.250606076_DM_81.97_beam_112C_frbid.hdf5,1.0
59149.250606076_DM_81.97_beam_131C_frbid.hdf5,1.0
59149.2506060778_DM_81.97_beam_307C_frbid.hdf5,1.0
59149.2506060778_DM_81.97_beam_88C_frbid.hdf5,1.0
59149.2506126404_DM_81.97_beam_133C_frbid.hdf5,1.0
59149.2535330412_DM_349.67_beam_0C_frbid.hdf5,1.0
59149.250678631506_DM_81.97_beam_0C_frbid.hdf5,1.0
59149.2507498861_DM_52.19_beam_264C_frbid.hdf5,3.231583e-06
59149.2507498861_DM_54.65_beam_264C_frbid.hdf5,6.6734174e-06
59149.2509106566_DM_712.36_beam_254C_frbid.hdf5,4.9446408e-05
59149.253420011395_DM_349.98_beam_0C_frbid.hdf5,1.0
59149.25350433269_DM_350.29_beam_0C_frbid.hdf5,1.0
59149.253590447595_DM_349.98_beam_0C_frbid.hdf5,1.0
59149.254554386396_DM_136.92_beam_311C_frbid.hdf5,1.8054617e-15
59149.2545580887_DM_48.51_beam_208C_frbid.hdf5,6.0899747e-05
59149.254558191395_DM_22.72_beam_50C_frbid.hdf5,5.4572037e-17
59149.254573434504_DM_24.87_beam_258C_frbid.hdf5,1.210201e-07
59149.254615394006_DM_93.02_beam_49C_frbid.hdf5,7.529364e-22
59149.254616161394_DM_135.69_beam_235C_frbid.hdf5,4.3317003e-25
59149.254673890304_DM_46.05_beam_147C_frbid.hdf5,1.8187082e-13
59149.254724969804_DM_132.01_beam_156C_frbid.hdf5,1.0089081e-31
59149.25472813861_DM_127.71_beam_245C_frbid.hdf5,2.5485147e-26
59149.2547281563_DM_168.85_beam_302C_frbid.hdf5,1.1809618e-21
59149.254728493_DM_518.71_beam_235C_frbid.hdf5,3.1170883e-20
59149.2547288085_DM_31.31_beam_235C_frbid.hdf5,1.6788948e-10
59149.25473191519_DM_153.19_beam_100C_frbid.hdf5,8.529779e-09
59149.2547686378_DM_46.66_beam_100C_frbid.hdf5,5.2031512e-09
59149.25490446929_DM_149.82_beam_223C_frbid.hdf5,1.8996536e-05
59149.254905662005_DM_27.63_beam_141C_frbid.hdf5,8.370842e-14
59149.25672633151_DM_112.67_beam_338C_frbid.hdf5,1.0349742e-05
59149.25973523981_DM_111.75_beam_196C_frbid.hdf5,1.991244e-21
59149.2597357928_DM_95.48_beam_196C_frbid.hdf5,2.99011e-15
59149.2597363989_DM_75.22_beam_196C_frbid.hdf5,3.4877786e-20
59149.259736608_DM_216.13_beam_204C_frbid.hdf5,5.209647e-16
59149.259736686_DM_70.61_beam_188C_frbid.hdf5,5.3156645e-15
59149.2597372336_DM_137.54_beam_58C_frbid.hdf5,4.3445135e-23
59149.25979183809_DM_55.57_beam_300C_frbid.hdf5,8.7805926e-20
59149.2597921801_DM_36.53_beam_115C_frbid.hdf5,8.876536e-21
59149.2597925824_DM_36.53_beam_266C_frbid.hdf5,8.710207e-11
59149.2598475998_DM_104.07_beam_346C_frbid.hdf5,3.5746263e-23
59149.2598479117_DM_77.06_beam_290C_frbid.hdf5,1.9593325e-22
59149.2598482927_DM_39.30_beam_217C_frbid.hdf5,1.6312939e-35
59149.2599015078_DM_78.28_beam_216C_frbid.hdf5,5.38721e-17
59149.259902771395_DM_25.79_beam_270C_frbid.hdf5,1.0489938e-17
59149.259902837_DM_26.09_beam_89C_frbid.hdf5,2.046242e-12
59149.259930615095_DM_60.48_beam_76C_frbid.hdf5,6.704993e-27
59149.2599853595_DM_25.79_beam_210C_frbid.hdf5,2.6077204e-16
59149.2599854162_DM_85.04_beam_74C_frbid.hdf5,5.7034455e-21
59149.2600116525_DM_67.54_beam_256C_frbid.hdf5,1.583029e-13
59149.26001237731_DM_46.36_beam_119C_frbid.hdf5,1.4283167e-19
59149.2600126467_DM_36.53_beam_205C_frbid.hdf5,8.6440084e-18
59149.2600133325_DM_33.46_beam_116C_frbid.hdf5,1.5271025e-19
59149.2600262734_DM_100.08_beam_144C_frbid.hdf5,1.5938245e-31
59149.2600266988_DM_96.09_beam_294C_frbid.hdf5,8.0289647e-26
59149.2600267767_DM_89.64_beam_289C_frbid.hdf5,0.0
59149.2600270568_DM_26.09_beam_147C_frbid.hdf5,1.0575834e-26
59149.260080645705_DM_56.80_beam_188C_frbid.hdf5,8.197696e-19
59149.260081111795_DM_31.01_beam_228C_frbid.hdf5,2.272184e-19
59149.2600819111_DM_34.38_beam_23C_frbid.hdf5,2.754554e-31
59149.2600934661_DM_95.48_beam_297C_frbid.hdf5,1.6345364e-16
59149.260094040306_DM_71.53_beam_297C_frbid.hdf5,6.68007e-14
59149.260094068704_DM_65.70_beam_71C_frbid.hdf5,1.973005e-15
59149.2600941466_DM_68.15_beam_297C_frbid.hdf5,9.189026e-15
59149.2600942884_DM_63.86_beam_297C_frbid.hdf5,4.8316508e-14
59149.260094568395_DM_55.26_beam_297C_frbid.hdf5,7.77857e-15
59149.2600950913_DM_37.15_beam_271C_frbid.hdf5,5.8462726e-15
59149.2600952809_DM_33.16_beam_42C_frbid.hdf5,2.6139846e-09
59149.260095287995_DM_32.23_beam_363C_frbid.hdf5,2.1694442e-08
59149.2600953092_DM_69.69_beam_380C_frbid.hdf5,1.0776917e-30
59149.2600954935_DM_92.41_beam_71C_frbid.hdf5,6.550637e-30
59149.260108586794_DM_43.29_beam_154C_frbid.hdf5,1.540788e-06
59149.260159450096_DM_166.39_beam_361C_frbid.hdf5,5.2617243e-20
59149.2601630513_DM_61.71_beam_360C_frbid.hdf5,3.6873064e-07
59149.260204372804_DM_153.81_beam_274C_frbid.hdf5,4.4878283e-16
59149.2602302759_DM_132.62_beam_120C_frbid.hdf5,1.2635502e-14
59149.260232831504_DM_24.56_beam_109C_frbid.hdf5,5.5368557e-13
59149.2602451113_DM_71.84_beam_109C_frbid.hdf5,7.8838955e-17
59149.260245127196_DM_72.14_beam_276C_frbid.hdf5,8.10403e-15
59149.2602723878_DM_85.65_beam_46C_frbid.hdf5,2.5741711e-12
59149.260272451604_DM_93.02_beam_190C_frbid.hdf5,4.0421017e-11
59149.260272559695_DM_73.99_beam_165C_frbid.hdf5,5.6902996e-13
59149.260273373206_DM_54.03_beam_167C_frbid.hdf5,1.2417703e-14
59149.2602744862_DM_39.30_beam_42C_frbid.hdf5,2.7456661e-25
59149.2602876521_DM_28.86_beam_254C_frbid.hdf5,1.1605388e-10
59149.2603019825_DM_68.46_beam_369C_frbid.hdf5,4.2519674e-19
59149.2603129863_DM_76.14_beam_254C_frbid.hdf5,5.7999966e-17
59149.260439403704_DM_30.39_beam_76C_frbid.hdf5,7.8089765e-32
59149.2604394214_DM_28.24_beam_342C_frbid.hdf5,1.8634434e-28
59149.2604524704_DM_90.26_beam_44C_frbid.hdf5,4.214007e-18
59149.260452699_DM_71.22_beam_335C_frbid.hdf5,5.786078e-23
59149.2604660333_DM_46.36_beam_105C_frbid.hdf5,8.2318416e-14
59149.2604664711_DM_26.40_beam_187C_frbid.hdf5,2.1943166e-13
59149.2605059335_DM_96.09_beam_21C_frbid.hdf5,1.968678e-19
59149.2605065768_DM_72.76_beam_201C_frbid.hdf5,9.7075946e-20
59149.2605075959_DM_76.75_beam_215C_frbid.hdf5,4.332704e-27
59149.2605076225_DM_74.29_beam_44C_frbid.hdf5,6.714135e-26
59149.2605488217_DM_29.16_beam_79C_frbid.hdf5,2.1527204e-09
59149.260549231105_DM_29.16_beam_124C_frbid.hdf5,1.0687338e-12
59149.2606584542_DM_50.66_beam_286C_frbid.hdf5,2.4851538e-17
59149.260658989406_DM_25.48_beam_13C_frbid.hdf5,2.6124587e-17
59149.2606721164_DM_51.88_beam_184C_frbid.hdf5,3.3269023e-15
59149.2606724212_DM_41.14_beam_309C_frbid.hdf5,7.1999383e-13
59149.2607695966_DM_38.68_beam_254C_frbid.hdf5,0.0
59149.26078325_DM_22.10_beam_310C_frbid.hdf5,2.2370329e-20
59149.26079672611_DM_48.20_beam_78C_frbid.hdf5,0.0
59149.260796800496_DM_49.43_beam_266C_frbid.hdf5,0.0
59149.260796828894_DM_62.63_beam_87C_frbid.hdf5,7.628565e-35
59149.2607970841_DM_39.60_beam_8C_frbid.hdf5,0.0
59149.260830398605_DM_270.16_beam_215C_frbid.hdf5,3.722079e-13
59149.2608316605_DM_261.87_beam_95C_frbid.hdf5,6.290445e-14
59149.2608331846_DM_130.47_beam_139C_frbid.hdf5,7.967306e-18
59149.260833773_DM_114.82_beam_87C_frbid.hdf5,8.133845e-10
59149.2608362364_DM_85.35_beam_68C_frbid.hdf5,3.8001207e-16
59149.26083734941_DM_35.00_beam_235C_frbid.hdf5,3.4920662e-12
59149.2608606862_DM_129.25_beam_254C_frbid.hdf5,9.384419e-17
59149.260861370305_DM_112.67_beam_148C_frbid.hdf5,2.465694e-07
59149.2608623982_DM_88.72_beam_339C_frbid.hdf5,2.0742349e-13
59149.2608650937_DM_27.32_beam_23C_frbid.hdf5,6.1994373e-16
59149.2608651664_DM_26.09_beam_224C_frbid.hdf5,3.247186e-13
59149.2608651859_DM_25.79_beam_297C_frbid.hdf5,2.7813793e-12
59149.2608656609_DM_25.48_beam_106C_frbid.hdf5,2.7890865e-09
59149.26087518309_DM_140.91_beam_123C_frbid.hdf5,7.594334e-12
59149.2608787772_DM_30.09_beam_92C_frbid.hdf5,1.7140563e-18
59149.260879191905_DM_66.93_beam_173C_frbid.hdf5,2.7754433e-20
59149.2608926184_DM_27.02_beam_322C_frbid.hdf5,8.277262e-26
59149.260892783204_DM_22.41_beam_109C_frbid.hdf5,6.691319e-21
59149.260934149104_DM_88.42_beam_100C_frbid.hdf5,1.5413129e-07
59149.2609467816_DM_73.07_beam_290C_frbid.hdf5,1.8119259e-16
59149.2609832791_DM_265.86_beam_214C_frbid.hdf5,1.9385554e-12
59149.2609848528_DM_429.39_beam_81C_frbid.hdf5,1.3438735e-13
59149.2609865825_DM_519.37_beam_131C_frbid.hdf5,1.9629104e-20
59149.26098672429_DM_98.55_beam_310C_frbid.hdf5,1.5580688e-15
59149.2609877345_DM_64.78_beam_62C_frbid.hdf5,3.7962482e-18
59149.2609881882_DM_52.80_beam_77C_frbid.hdf5,1.3930243e-17
59149.2609888616_DM_32.54_beam_255C_frbid.hdf5,3.444986e-14
59149.2610009784_DM_103.15_beam_68C_frbid.hdf5,7.400735e-15
59149.2610093948_DM_188.19_beam_202C_frbid.hdf5,2.250085e-12
59149.2610160371_DM_36.23_beam_181C_frbid.hdf5,8.237543e-18
59149.261040956604_DM_93.33_beam_299C_frbid.hdf5,2.190404e-08
59149.2610496175_DM_208.76_beam_148C_frbid.hdf5,1.0174522e-11
59149.2610569333_DM_40.83_beam_217C_frbid.hdf5,3.878489e-08
59149.261139744805_DM_35.92_beam_145C_frbid.hdf5,6.213305e-18
59149.2611534495_DM_43.90_beam_296C_frbid.hdf5,1.1797206e-07
59149.2611539244_DM_27.32_beam_15C_frbid.hdf5,6.7443707e-12
59149.261166323_DM_41.75_beam_175C_frbid.hdf5,1.7572814e-12
59149.2611935092_DM_49.73_beam_175C_frbid.hdf5,5.432219e-09
59149.261194586696_DM_47.89_beam_237C_frbid.hdf5,7.4858353e-10
59149.2611947356_DM_47.28_beam_288C_frbid.hdf5,8.078089e-11
59149.261194834806_DM_39.30_beam_207C_frbid.hdf5,3.762108e-12
59149.2612361634_DM_30.39_beam_258C_frbid.hdf5,0.00010024604
59149.261236269806_DM_28.24_beam_112C_frbid.hdf5,1.3833115e-07
59149.2612363673_DM_25.48_beam_92C_frbid.hdf5,4.8623893e-05
59149.2612486471_DM_56.49_beam_17C_frbid.hdf5,1.5504424e-17
59149.261261378895_DM_128.94_beam_184C_frbid.hdf5,5.0883356e-12
59149.2612622933_DM_90.87_beam_151C_frbid.hdf5,3.8307553e-14
59149.2612900891_DM_402.66_beam_29C_frbid.hdf5,1.4048259e-28
59149.2612903443_DM_290.42_beam_292C_frbid.hdf5,3.4376727e-11
59149.2612904861_DM_269.24_beam_292C_frbid.hdf5,4.9653857e-12
59149.2612905428_DM_261.56_beam_292C_frbid.hdf5,4.4274723e-12
59149.2612906704_DM_237.62_beam_292C_frbid.hdf5,3.19527e-13
59149.2612907271_DM_231.48_beam_292C_frbid.hdf5,8.003274e-12
59149.261290876_DM_192.49_beam_292C_frbid.hdf5,2.6229196e-20
59149.2612910249_DM_181.44_beam_292C_frbid.hdf5,1.4869121e-23
59149.261291088704_DM_161.18_beam_292C_frbid.hdf5,4.3347805e-15
59149.2612910958_DM_40.22_beam_146C_frbid.hdf5,1.8220469e-22
59149.2612912305_DM_140.61_beam_292C_frbid.hdf5,3.3590775e-22
59149.2612912482_DM_119.12_beam_229C_frbid.hdf5,3.813738e-26
59149.2612913102_DM_149.51_beam_270C_frbid.hdf5,1.5701328e-38
59149.261291315495_DM_125.56_beam_292C_frbid.hdf5,9.008608e-16
59149.2612913297_DM_108.06_beam_366C_frbid.hdf5,1.7287755e-29
59149.261291350995_DM_130.17_beam_246C_frbid.hdf5,5.091554e-29
59149.261291650495_DM_54.65_beam_211C_frbid.hdf5,1.13435566e-29
59149.261291872004_DM_182.36_beam_133C_frbid.hdf5,2.0289124e-31
59149.261387151106_DM_182.66_beam_369C_frbid.hdf5,1.8283652e-11
59149.261456137305_DM_25.48_beam_116C_frbid.hdf5,1.0466886e-15
59149.2614698491_DM_39.60_beam_249C_frbid.hdf5,5.7247105e-13
59149.261510809105_DM_48.81_beam_0I_frbid.hdf5,4.1372366e-16
59149.2615524036_DM_36.84_beam_209C_frbid.hdf5,3.7140468e-23
59149.2615802313_DM_23.64_beam_206C_frbid.hdf5,1.7067178e-16
